Shimmer:APQ5,frequency_range,spread2,MDVP:Shimmer,MDVP:Fo(Hz),HNR,Shimmer:APQ3,D2,NHR,jitter_stability_ratio,Jitter:DDP,MDVP:RAP,MDVP:APQ,MDVP:Fhi(Hz),PPE
1.3830275229357798,0.5755929431008295,0.5211768828154086,0.9619856887298748,-0.42976179693868277,-0.28050314465408793,0.7656739811912225,-0.08055715266057084,0.5717213114754098,-0.45989263975661865,0.6618589743589742,0.6634615384615384,0.675766016713092,-0.18286103830467465,0.8287785927191132
2.4441896024464826,0.020925341745531147,1.2778945754768634,1.7491055456171734,-0.3934124324487513,-0.5867924528301887,1.5117554858934172,0.2633288202236765,0.42725409836065575,-0.3247720542688123,1.1185897435897434,1.1201923076923073,1.4540389972144845,-0.2845523677436797,1.5322515824374559
1.9396024464831805,-0.15754176889823587,1.010533692486258,1.3461538461538463,-0.4797270778613046,-0.34056603773584915,1.2163009404388716,-0.004853756700113719,0.10963114754098356,-0.38979134271799293,1.501602564102564,1.5,1.0206128133704737,-0.4906971004101977,1.2305000167453697
2.051987767584098,-0.07635237761420706,1.2620940367474764,1.4619856887298746,-0.4798176493675087,-0.341666666666667,1.34717868338558,0.11253964426804124,0.132172131147541,-0.47818516521217597,1.296474358974359,1.298076923076923,1.1220055710306405,-0.4112434033450478,1.5347717606081916
2.6788990825688073,-0.0223624255169995,0.17112322887239126,1.8792486583184258,-0.48981070555203315,-0.49811320754716976,1.790752351097179,-0.023547304189773247,0.34426229508196726,-0.3888462363735804,2.03525641025641,2.033653846153846,1.5080779944289695,-0.3652871969064775,1.8810660102481662
-0.2935779816513761,-0.12403318144643048,0.42481878107001325,-0.27504472271914127,-0.4256106029043261,0.32531446540880493,-0.3338557993730408,-0.9089730511712453,-0.24999999999999994,-0.4752196792620276,-0.3685897435897436,-0.37019230769230765,-0.22674094707520884,-0.4186128512828953,0.2184266050437054
-0.28669724770642196,-0.2747400397242667,-0.38503821474716954,-0.29338103756708406,-0.6208676750294356,0.6407232704402516,-0.2946708463949843,-0.5196561381382497,-0.384733606557377,-0.6903191130332614,-0.4246794871794873,-0.42307692307692296,-0.27966573816155976,-0.6936918936072686,-0.18347064536655602
-0.033639143730886806,0.08498656385091734,1.1922563125506427,-0.05813953488372089,-0.79600277752619,-0.15801886792452816,-0.10344827586206898,-0.04148042361407384,-0.012807377049180337,-0.7626229917894493,0.29487179487179493,0.29326923076923067,-0.022841225626740787,-0.47944899566295657,0.3843313573796845
0.01605504587155964,-0.05692253767963547,1.884644022512757,-0.03577817531305897,-0.9076623494248707,-0.2671383647798745,-0.09874608150470227,0.115802066138694,0.03637295081967216,-0.8776953496305213,0.10737179487179481,0.10576923076923082,0.07465181058495826,-0.7124975023800851,0.5364546702836664
0.24464831804281353,-0.04043696693538963,1.5842257407529075,0.23658318425760283,-0.8537572079823685,-0.22059748427672937,0.1716300940438871,0.5519594932952495,0.02356557377049182,-0.7901402947514448,0.23717948717948711,0.23557692307692304,0.25403899721448475,-0.6698205239712748,0.7557436618774906
-0.4617737003058103,-0.05199205514662914,-0.7234741475592931,-0.4311270125223613,-0.17413881592850888,0.4537735849056603,-0.4302507836990596,-0.5630858541832822,-0.2633196721311475,0.057160356486631723,-0.5464743589743589,-0.548076923076923,-0.3442896935933146,-0.15272505024623595,-0.3948223316253056
-0.297400611620795,0.8125131440588856,0.39533101197906434,-0.2598389982110912,-0.14021978685505518,0.32578616352201245,-0.37382445141065834,0.32373091974701834,-0.027663934426229445,-0.19008787170481112,-0.32051282051282054,-0.3221153846153846,0.021727019498607322,0.07380026092782169,0.11906795271107547
-0.2668195718654434,0.6359270942867159,-0.16678711429384838,-0.17665474060822892,0.06616248528213038,0.3309748427672957,-0.11050156739811912,-0.4066583823283944,-0.24897540983606553,0.06466257515343156,-0.532051282051282,-0.5336538461538461,-0.28523676880222826,-0.11230474489016358,-0.13034595934224183
0.43730886850152895,1.4433695525178178,2.359032477060202,0.4937388193202147,0.3066751200072457,-0.38380503144654077,0.1849529780564263,1.2289018305914645,0.9344262295081965,0.5529799443318181,0.251602564102564,0.25,0.931476323119777,0.6972296987576545,2.0523125355839107
0.8119266055045872,0.781820306110527,0.4782756279701293,0.7097495527728086,0.08130302206925737,-0.8303459119496854,0.3620689655172415,0.7322996457518036,1.4221311475409835,0.38051183158616,0.9439102564102565,0.9423076923076922,1.2796657381615602,-0.08370846604999958,1.5047640577380355
0.9709480122324158,0.7207851384507538,0.20516610822766798,0.8559928443649372,0.08178607010234588,-0.5226415094339626,0.6394984326018809,0.3944210545838968,0.3862704918032786,0.26012024549079416,0.0,0.0,1.5415041782729804,0.0,0.620390836933588
0.9319571865443423,0.9476924874401216,0.4763046667980642,0.9516994633273702,0.293874347130393,-0.054874213836478024,0.8017241379310347,1.0607062707494854,0.09477459016393447,0.07003237378598345,-0.05608974358974353,-0.057692307692307626,1.3860724233983286,0.23931312513957279,0.8374945577547805
0.878440366972477,0.858920434630214,-0.09423384359328126,0.8805903398926653,0.3842496150710988,-0.3765723270440251,0.7695924764890283,0.3758220969267577,0.38165983606557374,0.24011099583765663,-0.052884615384615453,-0.05288461538461531,1.1220055710306405,0.2336009214748299,0.5684048360628285
0.706422018348624,1.1098726486739106,0.1967457241092352,0.6905187835420394,-0.6651269510611958,-0.1180817610062895,0.41300940438871464,0.9301203701986387,0.9180327868852457,-0.557494006072756,0.40384615384615397,0.4038461538461538,1.1264623955431756,0.38953467871792763,0.2833818949060583
-0.11620795107033628,1.1656969272111226,0.0809517552504217,-0.11493738819320211,0.34083567309724366,0.4860062893081763,-0.2476489028213166,0.4540794183652648,0.0,0.13506243515868188,0.0865384615384615,0.08653846153846155,0.06350974930362129,0.4166970298891642,-0.32038078971164463
-0.1353211009174311,1.0973711882229233,-0.2494689354619714,-0.13595706618962436,-0.02440902092201778,0.36194968553459117,-0.2523510971786835,-0.056878164586309,0.11936475409836067,0.34015724410334636,0.08493589743589745,0.08653846153846155,0.03788300835654596,0.42125739001657225,-0.1898003951907297
-0.23623853211009163,1.3352961794602174,0.6668856623524518,-0.22584973166368508,0.10409685113063452,0.49575471698113194,-0.3416927899686521,-0.19128289778734034,-0.21413934426229503,0.18469807382223152,-0.35256410256410253,-0.3509615384615384,-0.0540389972144846,0.640836379450171,-0.6459861348337184
-0.5198776758409785,-0.1824862717607197,-0.4989378709239428,-0.5402504472271914,0.7663255139932978,1.2772012578616354,-0.5493730407523512,-0.4484114472244381,-0.4754098360655737,1.4732734560416028,-0.47115384615384615,-0.4711538461538461,-0.5548746518105848,0.4307894829632937,-0.9810023778425264
-0.37920489296636073,-0.12783035401331933,-0.4785493725773602,-0.42933810375670833,0.753570026869547,1.25125786163522,-0.4427899686520376,-1.5442272381623612,-0.4999999999999999,1.0383621203615456,-0.5721153846153847,-0.5721153846153846,-0.4495821727019498,0.4976786826671054,-0.748082655145852
-0.5466360856269112,-0.21632200023367198,-0.4417690471497711,-0.5675313059033988,0.8121848866346647,1.5514150943396223,-0.5768025078369907,-1.4842572843444561,-0.5240778688524589,0.858065913538232,-0.6698717948717948,-0.6682692307692306,-0.5788300835654595,0.4553778164337514,-1.0844887638567935
-0.543577981651376,-0.20649608599135386,-0.606245756958588,-0.5657423971377459,0.8260423270838995,1.6084905660377355,-0.5775862068965517,-1.7092735129921923,-0.5276639344262295,0.8247430732446319,-0.6618589743589743,-0.6634615384615384,-0.5749303621169916,0.4544610430060766,-1.1816286546769816
0.019877675840978576,-0.09501109942750327,-0.009285417077283442,-0.043381037567084016,0.4440117139148026,0.06273584905660393,-0.03996865203761756,0.24520281172913852,-0.26075819672131145,0.9424221591690313,0.006410256410256427,0.00480769230769232,-0.08133704735376042,0.23578707349466957,-0.16612244214474695
-0.12308868501529054,-0.12851968687930798,-0.24652344348816338,-0.16636851520572454,0.4182592156507562,0.33553459119496865,-0.20924764890282138,0.35545560769330603,-0.3867827868852458,0.6273289751634317,-0.12820512820512828,-0.1298076923076922,-0.14874651810584952,0.1497866738754834,-0.10423992766000191
-0.33333333333333326,-0.08467110643766779,-0.07217002825044332,-0.3483899821109123,0.47906288681580794,0.6165094339622641,-0.3753918495297806,-0.13998924272492977,-0.44262295081967207,-0.010359611514568089,-0.3798076923076923,-0.37980769230769235,-0.316434540389972,0.33367026715717946,-0.3662128671422351
-0.24311926605504575,-0.043591541067881365,0.5256662943740011,-0.25044722719141327,0.592805603357184,0.5492138364779873,-0.2946708463949843,0.06986293747797548,-0.4252049180327868,0.2297113858230318,-0.30769230769230765,-0.30769230769230765,-0.218384401114206,0.34630528555141576,-0.209124552061355
-0.2905198776758409,-0.1507185418857344,-0.19479666250574865,-0.3255813953488372,0.5691060592337653,0.6297169811320754,-0.3377742946708464,0.05415175176660408,-0.44262295081967207,0.09467144982063176,-0.32051282051282054,-0.3221153846153846,-0.29247910863509735,0.29223916032956804,-0.4614521584781807
-0.32110091743119257,-0.040658955485453785,-1.7023958128024879,-0.3398926654740608,0.5372852700540411,0.5716981132075472,-0.3628526645768025,0.030891926479588598,-0.4293032786885245,1.7282214804057743,-0.4695512820512821,-0.4711538461538461,-0.29192200557103054,0.278287749321235,-0.5855688402156803
-0.21636085626911306,-0.19498773221170687,-0.6637649738300156,-0.2070661896243291,1.4029828216043232,0.05157232704402507,-0.1559561128526646,-0.1635421110224983,-0.21516393442622947,2.073151160427888,-0.36217948717948717,-0.360576923076923,-0.28245125348189404,0.8929608255662251,-0.5715948290297732
-0.32339449541284393,-0.17014838182030598,-1.393655694982809,-0.35957066189624326,1.4337016574585635,0.4011006289308174,-0.33542319749216304,-0.026262588793887636,-0.3283811475409836,1.3579085179422314,-0.5913461538461539,-0.5913461538461537,-0.4038997214484678,0.9173846099599205,-0.7886901771660135
-0.26299694189602446,-0.032690734898937146,-0.9990911679039923,-0.27504472271914127,1.4649639223500286,0.2806603773584906,-0.23432601880877743,0.08762727896581765,-0.31711065573770486,1.3832918003836605,-0.5064102564102564,-0.5048076923076922,-0.339275766016713,1.0487652942490095,-0.7395760072339996
-0.451834862385321,0.5334852202360092,-0.19722751461796204,-0.47898032200357776,1.5698004407813304,0.6270440251572327,-0.463166144200627,-0.5865756625925039,-0.33965163934426224,1.8207917666710907,-0.6730769230769232,-0.673076923076923,-0.5002785515320333,1.0416779304427548,-0.8311564352456544
-0.4166666666666666,-0.23593877789461387,0.5201914022293763,-0.2728085867620752,-0.3966126256679646,0.05424528301886775,-0.274294670846395,-0.49141087226663277,-0.13114754098360654,-0.17491714967961863,-0.3028846153846154,-0.3028846153846153,-0.1810584958217269,-0.5200808641177235,-0.4337134532301817
-0.396788990825688,-0.20641430073606715,0.5045879596171957,-0.242397137745975,-0.3848987108655615,0.3386792452830189,-0.21551724137931041,-0.538711352634605,-0.32428278688524587,0.0,-0.5176282051282052,-0.5192307692307692,-0.19944289693593303,-0.5031793232331544,-0.47553501456847186
-0.22706422018348613,-0.1806986797523076,0.3899546678930426,-0.017441860465116345,-0.36254264408417103,0.3644654088050317,0.028213166144200566,-0.9360275979746653,-0.31557377049180324,0.015006937239853352,-0.43910256410256415,-0.43749999999999994,-0.04066852367688011,-0.4441767257084429,-0.6874560434039987
-0.19036697247706413,-0.19941581960509402,0.016961215864047422,0.03309481216457965,-0.30886393140717905,0.294811320754717,0.09247648902821322,-0.6910232394235589,-0.31454918032786877,0.040018499306276316,-0.4567307692307693,-0.4567307692307692,-0.04512534818941494,-0.4091160188526231,-0.5556113734552396
-0.0779816513761468,-0.13759785021614676,0.558230952850229,0.12298747763864037,-0.28871177127675596,0.41069182389937087,0.14968652037617558,-0.2247102027189944,-0.31301229508196715,-0.3024867434754376,-0.3221153846153846,-0.3221153846153846,0.10529247910863525,-0.38778340640095943,-0.31964399343581484
0.22018348623853212,-0.014697978735833407,-0.14592777522282818,0.22182468694096596,-0.598602179754249,-0.28128930817610087,0.2178683385579937,-0.6639408720811623,-0.030225409836065583,-0.5092105385856627,0.560897435897436,0.5625,0.1721448467966575,-0.44903092347292595,1.0970896547104723
0.10550458715596336,-0.1580324804299567,0.7789567045529204,0.03130590339892662,-0.47079068924916195,0.0,-0.01253918495297809,-0.5995975295361394,-0.21209016393442617,-0.259806819483896,0.32371794871794873,0.3221153846153846,0.10584958217270207,-0.5047425394623949,1.0783683311564354
0.23241590214067284,-0.10861081902091373,0.47903116308608734,0.18872987477638645,-0.4767533134076017,-0.033647798742138156,0.14811912225705326,-0.960483706437673,-0.15829918032786877,-0.45131561387330665,0.4919871794871796,0.49038461538461536,0.21114206128133714,-0.4814588451005516,1.1766050437054154
0.49923547400611623,1.5608599135413017,0.03094409040141904,0.44812164579606445,-0.50742686350874,-0.1819182389937107,0.4702194357366772,-0.9518055529795802,0.0245901639344262,-0.514274103360044,0.6794871794871795,0.6778846153846152,0.42395543175487477,1.157179628824297,1.094535985799926
-0.019113149847094817,1.253452506133894,-1.4509887655213194,-0.14177101967799638,1.130679588201552,0.522169811320755,-0.15047021943573669,-0.04324424578518898,-0.4067622950819671,1.8182031360637172,-0.37660256410256404,-0.375,-0.23286908077994417,0.7772240570750225,-0.7293697042767674
-0.16284403669724767,-0.08400514078747515,-1.3468563169305565,-0.259391771019678,1.1136370497841377,0.47783018867924554,-0.26489028213166144,-0.12276091028803543,-0.3867827868852458,1.8481970212830314,-0.3830128205128205,-0.3846153846153845,-0.3108635097493035,0.6874037681738577,-0.6902776382330286
-0.18807339449541285,-0.2576819721930129,-2.192103015570593,-0.25894454382826476,1.2132053256045647,0.4948113207547168,-0.25313479623824453,0.2844149340653223,-0.3811475409836065,2.298105299572746,-0.27243589743589747,-0.2740384615384615,-0.3225626740947074,0.7258847451252335,-0.7714089554238251
-0.27828746177370023,-0.023075125598784836,-1.7743139960142786,-0.3425760286225402,1.221794523442925,0.5657232704402515,-0.3416927899686521,-0.6340189550605562,-0.4072745901639343,1.274601417208232,-0.5673076923076924,-0.5673076923076923,-0.4133704735376043,0.932769948637181,-0.9384691382832646
0.4472477064220184,0.7464890758266152,-0.6575892954908789,0.5644007155635062,-0.0865410741780632,-0.4014150943396228,0.5195924764890282,-0.12417048426284874,0.7704918032786884,-0.06218255275683754,1.1394230769230769,1.1394230769230766,0.6635097493036212,-0.12284763930842407,-0.0405237951706354
0.875382262996942,0.9090431125131441,0.06533736285395178,1.2321109123434704,-0.18271291851583465,-0.6677672955974843,1.2100313479623825,0.5515885527755618,1.1608606557377048,-0.05891667971178333,1.4503205128205128,1.4519230769230769,1.101949860724234,0.04389934297904333,0.47986369268897144
-0.3027522935779816,-0.05302021264166354,1.2064581827738,-0.23121645796064402,-0.4284334148476887,0.45990566037735864,-0.18103448275862066,-0.2593838677967994,-0.3345286885245901,-0.11505318550554351,-0.24999999999999997,-0.25,-0.23008356545960992,-0.38962870676179184,0.02103218460095772
0.003058103975535176,-0.14318261479144753,-0.18640912774018337,0.09794275491949914,-0.5686230112006759,0.41210691823899354,0.17789968652037616,-0.22082274607266783,-0.31557377049180324,-0.2874785559700471,0.13461538461538455,0.13461538461538453,0.04066852367688031,-0.5260751519140586,0.49268227335141834
-0.09327217125382253,-0.1690267554620865,0.34696581477344923,-0.010733452593917737,-0.5720194426833316,0.47216981132075475,0.06191222570532922,-1.0515700057495787,-0.3457991803278688,-0.40754405601317073,-0.03044871794871796,-0.028846153846153917,-0.06796657381615592,-0.5578918912565675,0.39415251682909674
0.3532110091743118,-0.03374225960976739,0.5126032017169265,0.40161001788908773,-0.7199227123147056,-0.5687106918238996,0.445141065830721,0.09931190533597915,0.5763319672131147,-0.5829061957121913,1.8733974358974357,1.8749999999999998,0.2122562674094708,-0.6718656339253184,0.7726313674269062
0.863914373088685,-0.10382053978268484,-0.6984648402426471,0.8054561717352414,-0.7903269631373968,-0.5915094339622643,0.8315047021943575,0.5584194224456105,0.3729508196721311,-0.6528757221311383,0.7564102564102563,0.7548076923076921,0.622841225626741,-0.7545280379873299,1.1915167956060146
0.3975535168195718,-0.15041476808038315,-0.09227383220550545,0.41726296958855086,-0.797889683905443,-0.4965408805031449,0.4600313479623824,-0.2082831018046262,0.3739754098360655,-0.6357216703645143,0.9407051282051281,0.9423076923076922,0.24066852367688027,-0.7656821146907067,0.6276583274724539
0.016819571865443403,-0.21660240682322685,-1.540448503164488,0.0,-0.7495999758475981,-0.09009433962264159,0.05642633228840127,-0.540228499360128,-0.10911885245901638,-0.520105462303599,0.07371794871794878,0.07211538461538458,-0.11476323119777145,-0.8292685793537925,-0.07027194480726089
1.3004587155963303,1.1353662811076062,1.3598318113133174,1.1502683363148478,0.42864474836216543,-1.4031446540880503,1.1551724137931036,1.399234007826845,2.241290983606557,0.6617893037458988,0.8942307692307694,0.8942307692307689,0.9760445682451253,0.384339629294437,0.4726464382598211
0.8363914373088686,0.33138217081434745,1.2796793903160113,0.6869409660107334,0.4492346707725752,-1.083805031446541,0.6802507836990596,0.5738357104438302,1.0532786885245902,0.26722247915703184,-0.33333333333333337,-0.3317307692307692,0.5715877437325906,0.34778622724227476,-0.34373220804447574
2.1697247706422016,0.8030260544456129,0.8832533999080221,1.9177101967799641,0.41993478851553323,-1.3985849056603774,1.9326018808777432,1.468319824916075,1.9103483606557372,0.46021274202217444,0.2660256410256409,0.264423076923077,1.629526462395543,0.6408128724392049,0.2955557788271542
2.242354740061162,1.2108073373057602,0.8859251472745986,2.0143112701252233,0.3839628053014522,-1.270125786163522,2.024294670846395,1.228221154737838,1.5978483606557372,0.10004624826569015,0.022435897435897495,0.0240384615384616,1.6958217270194986,0.45239242604106655,0.07019659064268731
1.106269113149847,0.5609533824044868,1.7152399097737778,0.9347048300536673,0.471711499562238,-1.7218553459119499,0.8557993730407525,2.459853107554204,3.1393442622950816,0.5192115224446894,0.7628205128205128,0.764423076923077,0.9454038997214483,0.6237585359833571,1.225911785391339
2.263761467889908,1.10919499941582,1.8652629043207853,1.9754025044722718,0.27387313951031,-1.7410377358490567,1.9161442006269593,1.804087764526958,3.908811475409835,0.6430290693641609,0.7451923076923078,0.7451923076923077,1.8696378830083564,0.3896051997508257,0.9736092970293713
2.7836391437308863,-0.19781516532305154,-0.1284300199286073,2.5652951699463324,0.05272771186184861,-0.49575471698113194,2.5203761755485896,0.0,0.288422131147541,-0.04502081171956006,-0.03846153846153842,-0.03846153846153856,2.1905292479108636,-0.11195213972567326,-0.4315951639371714
0.9174311926605504,-0.12092534174553095,-1.434914482184701,0.8796958855098389,-0.0028680976964646577,-0.6347484276729559,0.9231974921630095,-0.001001539403156676,0.41956967213114754,0.15507168481181982,0.0865384615384615,0.08653846153846155,0.7203342618384401,-0.09251184165677426,0.006873974346093208
0.7645259938837922,0.8357752073840402,-0.3375708998532729,0.6677101967799641,0.14127645442743725,-0.09402515723270426,0.6716300940438872,-0.37284158985106747,-0.12551229508196715,0.5448045698286313,-0.17467948717948714,-0.1730769230769231,0.5604456824512536,0.0013516531305459583,-0.20811145718208904
0.6521406727828745,-0.061701133309966016,0.5083984845498547,0.7437388193202146,-0.3536213507230623,-1.1759433962264154,0.7288401253918497,0.606393159856817,3.614754098360655,-0.21965358380852495,2.4551282051282053,2.4567307692307687,0.7409470752089138,-0.33984085753576027,1.297389396831776
1.0007645259938838,0.13215328893562323,-0.18328843921774748,1.1028622540250448,-0.3422244361923737,-1.1610062893081763,1.0478056426332292,0.1794165105625312,4.727459016393442,-0.2605740503983892,2.855769230769231,2.8557692307692304,1.1977715877437325,-0.3796734876176823,0.6254981747546805
2.0198776758409784,0.10452155625657217,0.2625320281190461,2.017441860465116,-0.33134076019684183,-1.6323899371069184,1.8855799373040758,0.537413060815698,8.016905737704917,-0.20357787546236106,4.455128205128205,4.456730769230769,2.2423398328690807,-0.36558103454355284,1.6143792491376134
2.6529051987767582,-0.09718425049655315,0.45546722729562256,3.1104651162790695,-0.3444887238474773,-2.1933962264150946,3.2547021943573675,1.1984847079770757,15.567110655737702,-0.22646367329818595,9.193910256410255,9.192307692307692,2.472423398328691,-0.3736674463158638,1.551399912924076
2.8165137614678892,5.694239981306227,0.5667170356743976,3.2182468694096595,-0.13944992905232012,-1.9383647798742139,3.4059561128526648,0.6418031418662011,12.722848360655735,-0.08649446303915481,7.799679487179487,7.798076923076923,2.3760445682451254,4.862507492859746,2.1694129073311226
-0.5061162079510703,0.5400163570510575,-1.4192891400039422,-0.48837209302325574,0.027111070857108663,0.619811320754717,-0.5352664576802508,-0.6321215943023538,-0.30737704918032777,-0.2804394835193682,-0.6105769230769231,-0.610576923076923,-0.4172701949860723,-0.2145132285704212,-0.600539200910948
-0.38455657492354733,-0.07337305760018695,-0.09423384359328126,-0.39221824686940965,0.018521873018748358,0.7238993710691823,-0.4271159874608151,-0.6500528590240561,-0.2648565573770491,-0.21291951551816837,-0.5560897435897436,-0.5576923076923076,-0.3894150417827297,-0.146824790493765,-0.6094477377005256
-0.5267584097859326,-0.15716789344549595,-0.3759608435713817,-0.5183363148479427,0.09987018084110759,1.0894654088050313,-0.5352664576802508,-0.3986720329395187,-0.4415983606557376,0.3784966455366322,-0.7884615384615384,-0.7884615384615383,-0.46239554317548737,-0.10723898402698634,-0.6603201714725878
-0.40749235474006107,-0.10545624488842166,0.3316361167684998,-0.3457066189624329,0.05165594903843246,0.6314465408805029,-0.4482758620689656,0.2861286792662792,-0.22336065573770486,-0.20541729685136811,-0.5608974358974359,-0.5625,-0.2735376044568244,-0.17741916526604093,-0.6728457081616932
-0.569571865443425,-0.09998831639210179,-0.6372664958500318,-0.5362254025044721,0.05324095039700533,1.1180817610062894,-0.5877742946708464,-0.0890312888328357,-0.43903688524590156,0.46847830119457495,-0.7548076923076924,-0.7548076923076922,-0.42618384401114195,-0.1824261586018032,-0.5905924511872467
0.37767584097859325,1.1165206215679404,0.6547314017913849,0.36717352415026827,0.6727651480844127,-0.13883647798742127,0.4435736677115988,0.48940593875771987,-0.07581967213114756,0.7330781943965033,1.049679487179487,1.0480769230769227,0.181615598885794,0.42359633760769144,0.0
0.09021406727828749,1.1830354013319313,0.4113724459628148,0.028175313059033924,0.7887570570298584,0.06635220125786173,-0.010188087774294665,0.38222638499916517,-0.20030737704918028,0.9654462957639094,0.6666666666666666,0.6682692307692307,0.052367688022284115,0.6008627073024528,0.392277035399712
-0.02828746177370021,1.1834910620399577,-0.4071567790114535,-0.052772808586762095,0.8734867010838391,-0.1498427672955974,-0.0768025078369906,1.1002800600923641,-0.02407786885245901,1.5726085271802317,0.3349358974358976,0.33653846153846156,-0.08579387186629525,0.6287537758136362,-0.5873689674804915
-0.43883792048929654,3.944023834560113,0.595613516413727,-0.342128801431127,0.147284364338979,0.5564465408805034,-0.469435736677116,0.5488473023350707,0.2351434426229508,0.24011099583765663,-0.0865384615384615,-0.08653846153846155,-0.24846796657381606,3.1698851682514313,-0.13029572323252614
-0.1559633027522936,4.187475172333217,0.6684624312901035,-0.0961538461538461,-0.29468949068622996,0.30283018867924505,-0.2789968652037618,0.6331286978133057,0.6429303278688524,-0.3969511446260176,0.04326923076923082,0.04326923076923067,-0.013370473537604299,3.606410361890434,-0.27830804782477636
-0.5282874617737002,1.1484051875219068,0.6869128178174889,-0.4713774597495527,0.4281315098270087,0.6838050314465409,-0.5258620689655172,0.5765676873713296,0.0338114754098361,0.1600739972251044,-0.10897435897435899,-0.11057692307692314,-0.36434540389972137,0.49873649816057636,0.41144211125623753
0.0756880733944955,0.9609416987965885,-0.8269934082298581,0.053667262969588535,0.11739576729161028,-0.5693396226415093,0.06583072100313483,-0.7700001854702602,0.47387295081967207,0.46293081929947516,0.8221153846153846,0.8221153846153844,-0.0211699164345403,0.2614802364805302,-0.030811480625606923
0.13302752293577982,0.9864703820539784,-0.9957186343429034,0.06216457960644002,-0.04963318539987293,-0.6226415094339625,0.02351097178683385,-1.073722573585326,0.39907786885245894,0.05932056342128336,0.8750000000000001,0.8749999999999997,0.10362116991643457,0.29676425994052724,0.3101912321243176
0.37003058103975534,0.9707208786073139,-1.4423055865799446,0.2540250447227192,-0.15573770491803243,-0.7294025157232704,0.21865203761755495,-0.9710833317877484,0.358094262295082,-0.09987621215266645,0.29967948717948706,0.29807692307692296,0.27910863509749306,0.28652695666482514,0.23784286144880928
-0.5741590214067277,-0.17201775908400496,-0.7220725751702692,-0.532200357781753,-0.4442683331823805,0.6328616352201256,-0.5227272727272727,-0.030348498618246806,0.32223360655737693,-0.4900890872928181,-0.08814102564102566,-0.08653846153846155,-0.5275766016713092,-0.5327511430284084,-0.6096319367694831
-0.5603975535168195,-0.14107956536978605,-0.2508486082824167,-0.5371198568872987,-0.4284636053497567,0.5584905660377358,-0.5713166144200628,-0.43771537733924404,-0.31147540983606553,-0.11539067284976794,-0.5560897435897436,-0.5576923076923076,-0.4763231197771587,-0.5433410514686007,-0.017549147660671713
-0.3830275229357797,-0.05965650192779524,-0.16703895933250107,-0.3627012522361359,-0.4252785073815775,0.17798742138364804,-0.3934169278996866,0.36138509190051366,0.26383196721311475,-0.29498264972274246,0.17948717948717954,0.17788461538461542,-0.3142061281337047,-0.5255815046837722,-0.131827924578854
-0.38685015290519875,-0.14612688398177345,-0.020497996189474902,-0.3161896243291592,-0.42577665066570036,0.5031446540880502,-0.37931034482758624,0.3391620453660251,-0.04098360655737706,-0.10504856067897432,-0.0400641025641026,-0.03846153846153856,-0.24958217270194974,-0.5589261997390724,-0.12588331826250035
-0.474006116207951,0.06283444327608366,0.39445502923592407,-0.4570661896243291,-0.44389095190653,0.08993710691823888,-0.4482758620689656,0.3179776322866623,-0.0983606557377049,-0.41018961788932917,-0.30128205128205127,-0.3028846153846153,-0.4696378830083564,-0.5600192757489925,0.38967313037945
-0.5351681957186544,-0.22377614207267194,-0.4398747344677309,-0.5277280858676207,-0.4485553844760436,0.440566037735849,-0.560344827586207,-0.5750486859432096,-0.3027663934426229,-0.48522430408859657,-0.30769230769230765,-0.30769230769230765,-0.4763231197771587,-0.5775319989186778,-0.37045781841320874
1.3692660550458713,-0.1561864703820539,1.1114031053588243,1.2115384615384617,-0.6331853998731996,-0.9051886792452833,1.158307210031348,0.056127010033941084,0.9918032786885246,-0.6675632179207378,0.28365384615384615,0.28365384615384603,1.0545961002785516,-0.7061858699357085,0.4806925884992798
1.5489296636085625,-0.04022666199322331,0.9331625166984213,1.366726296958855,-0.5328019804969355,-0.9544025157232706,1.3252351097178685,0.6073891351521783,1.329405737704918,-0.25746218095926615,0.12179487179487183,0.12019230769230757,1.3236768802228414,-0.5005817985214092,0.74281623631066
0.37538226299694194,-0.129968454258675,0.15532269014300423,0.35912343470483,-0.48775775141140565,-0.6314465408805034,0.24216300940438878,0.18689838084463123,0.37500000000000006,-0.23510868342437138,-0.24679487179487175,-0.24519230769230768,0.5637883008356546,-0.4834099270107312,-0.005718543822632951
0.4915902140672784,1.8251314405888537,1.9585222171123233,0.4695885509838999,0.330676569151345,-0.67248427672956,0.39811912225705326,1.1479180963332525,0.7120901639344261,0.715330675099684,0.0,0.0,0.5938718662952648,1.1275843020180767,0.7665946615760741
2.0504587155963305,1.5066012384624374,0.766835293344721,2.013416815742397,0.8999939618995864,-1.1272012578616355,2.202978056426333,0.5939814900680673,1.6101434426229506,0.6993097725093748,0.9439102564102565,0.9423076923076922,1.5075208913649025,0.9512347057509902,0.38560400549248136
0.577217125382263,0.43882462904544917,1.0058581345947488,0.5831842576028623,0.7547021706970988,-0.647012578616352,0.6661442006269592,0.22377357790678223,0.32428278688524587,0.6798445058310314,-0.24038461538461547,-0.24038461538461536,0.4300835654596101,0.5457152595761684,0.20257711242841347
-0.11009174311926606,1.3113214160532773,-0.06057420668812835,-0.10107334525939168,0.8203212269420042,-0.6493710691823898,-0.06896551724137936,0.2334514160654338,0.46874999999999994,0.6348311938302316,-0.20512820512820512,-0.20673076923076922,-0.14038997214484666,0.6893195895675885,0.028165712180582114
0.12003058103975535,1.6730225493632436,1.3835380942995423,0.1399821109123435,1.1306192071974155,-0.38537735849056615,0.13636363636363638,0.9193389839939161,0.20389344262295084,0.4997912578278319,-0.30448717948717946,-0.3028846153846153,0.08412256267409475,1.0697100410197342,0.39513212096855227
3.138379204892966,0.08491646220352846,2.144767098088168,2.6475849731663685,0.32170999003713446,-1.6443396226415097,2.0368338557993733,1.9822560602407402,3.2966188524590163,0.4741331865647756,3.033653846153846,3.033653846153846,3.9275766016713094,0.2221295001234115,2.2762399946414815
2.1253822629969417,0.26211005958640027,1.4984889297680837,1.7115384615384615,0.529209310750838,-1.328616352201258,1.3009404388714731,1.4791030658233955,2.542008196721311,0.6096043858047865,2.96474358974359,2.9663461538461533,2.5632311977715876,0.5166135800002349,1.259394152516829
2.491590214067278,0.20189274447949526,1.2753432757374683,2.189177101967799,0.6061950910243639,-1.653930817610063,1.7782131661442009,1.724853014819074,3.5727459016393435,0.7259721902746173,3.671474358974359,3.6730769230769225,2.822284122562674,0.5105957851929336,1.950651394889313
2.2507645259938838,4.1528449585231915,0.47517683901627134,2.212432915921288,0.817709748513118,-1.2308176100628931,1.8103448275862073,1.0485320028933363,3.4805327868852456,0.9116819096036813,3.3012820512820515,3.302884615384615,2.61949860724234,4.617717234165091,0.7075337419203589
1.8295107033639142,0.34442107722864834,1.3289862689705014,1.613148479427549,0.5771367327838661,-1.6176100628930818,1.1708463949843262,1.138674258582636,5.049692622950819,0.6689643758896994,4.052884615384616,4.052884615384615,2.5075208913649027,0.4595738178911861,0.9697159985264073
5.060397553516819,0.2640028040658956,2.5360576396644987,4.3313953488372094,0.6695649548651996,-2.260377358490566,3.4811912225705335,1.361991579650203,10.562499999999998,0.7739591146183221,7.540064102564103,7.538461538461537,6.6963788300835665,0.6061165242533585,2.8609380756220903
3.237767584097859,0.29887837364178044,1.5038324245012373,2.88953488372093,0.7495395948434626,-2.1018867924528304,2.413009404388715,1.5563755401821315,7.771516393442622,0.7689741428996832,6.424679487179487,6.4230769230769225,3.654596100278552,0.7080194167910577,2.2526960045547404
0.06422018348623856,0.0767496202827435,-0.4729649825898428,0.20527728085867622,-0.44322676086103296,-0.1561320754716979,0.21865203761755495,0.19706956989446717,1.801229508196721,-0.4099011992765985,0.7740384615384616,0.7740384615384616,0.1448467966573817,-0.522067206544352,0.5173230851669514
-0.024464831804281273,0.1698212407991589,0.12753213761688886,0.03130590339892662,-0.394378528514929,0.02138364779874202,0.0,0.6579909861453711,1.0737704918032784,-0.32234614439752196,0.8814102564102565,0.8798076923076922,0.007242339832869172,-0.3583761356824675,0.2920225057771525
0.6422018348623854,0.004813646454025074,0.9233843593281212,1.2025939177101965,-0.46039006128671905,-0.588364779874214,1.1010971786833859,1.1493443626314517,4.945184426229508,-0.32666757381105854,4.254807692307692,4.254807692307692,0.645125348189415,-0.4542847404238316,0.6332847717606082
0.5145259938837919,0.16743778478794255,0.4417580973654818,0.7987477638640429,-0.516619871388461,-0.3742138364779873,0.293103448275862,-0.35935790196042133,0.5010245901639343,-0.3969511446260176,0.3205128205128204,0.3221153846153846,1.3125348189415045,-0.5696571502450608,0.4963327639907565
0.30657492354740057,-0.059633134711999054,0.08368920132273407,0.4695885509838999,-0.5002566192675781,-0.5391509433962263,0.3440438871473354,0.18181649572490982,0.8785860655737703,-0.2828832176141923,0.578525641025641,0.5769230769230769,0.6534818941504178,-0.43631363054030886,0.44051207341170157
0.4732415902140673,0.03057600186937748,0.2613166020629394,0.6417710196779964,-0.5118497720617091,-0.6073899371069182,0.5164576802507838,0.11835413691414523,0.8258196721311476,-0.5124656921349451,0.6426282051282052,0.6442307692307692,0.7426183844011143,-0.5416250396680812,0.29180481596838465
-0.220183486238532,0.012875335903727282,-0.3721722182073013,-0.20885509838998212,-0.5481387555475045,-0.25125786163522,-0.18652037617554862,-0.8772836025743276,0.17418032786885246,-0.5830619729084694,0.28365384615384615,0.28365384615384603,-0.2200557103064066,-0.48413864435067766,0.22370139656385
0.0802752293577982,1.2791914943334504,-0.5104241946433654,0.10062611806797846,1.3244271352232586,0.19827044025157223,0.16065830721003135,-0.20342192629411934,-0.2433401639344262,2.0131633899892596,-0.375,-0.375,-0.07632311977715875,0.8439369541965892,-0.5527311698315416
-0.43883792048929654,-0.2171632200023366,-0.46612136740906207,-0.43872987477638636,1.3413791021344685,0.29276729559748405,-0.3989028213166145,-0.9133928074633235,-0.28790983606557374,2.4030838978403457,-0.28365384615384615,-0.28365384615384615,-0.4880222841225626,0.8327241099657973,-0.7875682373823636
-0.1529051987767584,0.0,-0.5233668396732586,-0.14579606440071552,1.457114391812336,-0.20267295597484303,-0.0948275862068965,-0.46300610197154923,-0.02356557377049182,1.2425109058410315,0.22596153846153857,0.2259615384615384,-0.28022284122562663,1.1677107697370739,-0.7489199236411131
-0.4090214067278286,-0.06286949409977802,0.0,-0.38685152057245076,-0.5421459408869967,0.5690251572327044,-0.42398119122257055,-0.28092067436986534,-0.3381147540983606,-0.3651688061697685,-0.31570512820512825,-0.3173076923076923,-0.3442896935933146,-0.46409891750214527,-0.21176194782142743
-0.3180428134556574,-0.15784554270358675,-0.2927424829730856,-0.33586762075134163,-0.5245146876792558,0.5864779874213838,-0.3581504702194358,-0.9131331490995425,-0.3160860655737704,-0.3951826806494756,-0.29166666666666674,-0.2932692307692308,-0.3398328690807798,-0.6630975188349928,-0.050160755551090085
-0.19801223241590213,0.13439654165206233,0.11402010380395514,-0.2531305903398926,-0.4748664070283486,0.4132075471698114,-0.25391849529780564,-0.8752897972810064,-0.25870901639344257,-0.37517343099633743,-0.2692307692307693,-0.26923076923076916,-0.2451253481894149,-0.3337290346845948,-0.18880404568136896
-0.2966360856269113,-0.21690618062857808,-0.22936513150690926,-0.32200357781753125,-0.49938109470760483,0.50125786163522,-0.3079937304075235,-0.6862752007715566,-0.35553278688524587,-0.4802219916753122,-0.34615384615384626,-0.3461538461538461,-0.34818941504178264,-0.5847486512852461,-0.013404668609129502
-0.22935779816513752,-0.15155976165439863,-1.2004139018461337,-0.2227191413237924,-0.4841650816653078,0.5229559748427675,-0.2594043887147336,-0.6308900717769907,-0.34836065573770486,-0.41018961788932917,-0.3028846153846154,-0.3028846153846153,-0.23788300835654583,-0.5150621172764778,-0.09410060618239055
-0.3325688073394495,0.3190209136581377,-0.2295731774084049,-0.3372093023255814,0.04943694713643096,0.20974842767295593,-0.37382445141065834,0.19453419144240175,-0.2689549180327868,0.2147069484894317,-0.4647435897435897,-0.46634615384615374,-0.29415041782729795,0.20385279909733073,-0.44345925851502066
-0.279051987767584,-0.15972660357518392,-0.39885684252020226,-0.29025044722719134,0.004951242339160144,0.25078616352201244,-0.2868338557993731,-0.17308641059406177,-0.3109631147540983,0.17719585515543168,-0.38461538461538464,-0.3846153846153845,-0.25013927576601663,-0.17043758300913256,-0.21234803576811007
-0.34021406727828735,-0.1413599719593409,0.24078575652059667,-0.3457066189624329,-0.004815385079853702,0.13616352201257859,-0.3761755485893417,0.927783444924606,-0.2843237704918032,-0.18008324687824193,-0.1346153846153847,-0.13461538461538453,-0.2757660167130918,-0.19837566554224817,0.059127901135336176
0.19342507645259943,-0.16748451921953475,-0.39054595624466204,0.1466905187835421,0.029858406545300975,0.049685534591194805,0.09090909090909088,-0.14958176456405278,-0.2479508196721311,-0.160073997225104,-0.12339743589743588,-0.12499999999999989,0.21727019498607245,-0.11070626814447423,-0.34799390468535435
-0.16666666666666663,-0.16310316625774016,-0.029356371679477796,-0.17531305903398925,0.0,0.007704402515723191,-0.19984326018808782,0.6200437709813228,-0.23360655737704913,-0.15507168481181982,-0.14583333333333337,-0.14423076923076916,-0.11086350974930355,-0.1384798016008276,0.10082387219933685
0.015290519877675879,-0.16834910620399568,-1.1988699822613496,-0.03488372093023253,0.02046916040213783,0.03003144654088034,-0.039184952978056464,-0.2519706215108413,-0.2561475409836065,0.379755759159032,-0.28044871794871795,-0.2788461538461538,-0.05125348189415026,-0.11098835227606649,-0.24531966911149058
-0.0749235474006116,-0.1842621801612338,-0.2990276591551147,-0.1404293381037567,-0.4715152612987952,0.041194968553459194,-0.26724137931034486,-0.5891425709887423,-0.07172131147540983,-0.5763861654488133,-0.22115384615384617,-0.2211538461538461,0.10640668523676891,-0.5751577908111097,0.2516494189356642
-0.253058103975535,0.552260778128286,-0.9303812714889517,-0.2947227191413237,-0.48570479727077837,0.217295597484277,-0.4216300940438872,-0.5308492683198256,-0.18340163934426226,-0.5702636151144331,-0.4695512820512821,-0.4711538461538461,-0.037325905292478936,0.052079782795218486,0.24011185907096694
-0.2668195718654434,5.523565837130505,-0.7180321047675361,-0.2517889087656529,-0.4816290794915917,0.17940251572327018,-0.3017241379310345,-0.33929929335831066,0.15471311475409835,-0.279974462217352,0.10576923076923077,0.10576923076923082,-0.14874651810584952,4.926716893313431,-0.5447520010717036
-0.40672782874617736,5.304393036569693,-1.1196044937914724,-0.4127906976744186,-0.48485946321287304,0.34685534591194966,-0.44984326018808785,-0.357573678060723,-0.2126024590163934,-0.1378973288501683,-0.5625,-0.5625,-0.3420612813370472,4.800472490920417,-0.3918416557821762
-0.45871559633027514,-0.006075476107021802,-0.7576265247574624,-0.46422182468694095,-0.5117139148024029,0.30786163522012555,-0.5078369905956113,-0.799165383830703,-0.20081967213114751,-0.5052335537417347,-0.4118589743589744,-0.41346153846153844,-0.36935933147632305,-0.6310809698992726,-0.534939214307244
0.1995412844036698,1.7693538964832338,-0.6459825241442744,0.15697674418604646,0.8047580231259247,-0.542295597484277,0.1951410658307211,-0.05291466513344658,1.7141393442622948,1.3306151019336783,0.8637820512820513,0.8653846153846154,0.0,1.056017207132027,-0.6097826450986302
0.25688073394495425,1.5245823110176422,-0.9809035761995489,0.23613595706618962,0.9216254566313437,-0.5770440251572331,0.3126959247648902,0.8150230910473502,0.36629098360655743,0.6803144882066927,0.4775641025641024,0.4759615384615384,0.06740947075208929,0.9421257390016572,-0.1404350447101377
0.0,3.376761303890642,-0.12516698421041103,0.03264758497316643,0.7593213175135105,-0.5970125786163524,0.0470219435736677,-0.38256579557467985,3.1393442622950816,0.6355249756114656,0.6618589743589742,0.6634615384615384,-0.0947075208913649,2.6339723322480935,-0.5221373790147024
-0.12232415902140664,1.743942049304825,-0.3089810130740424,-0.15161001788908768,0.9936750898167435,-0.2528301886792454,-0.14028213166144202,0.3906022219337131,1.6921106557377046,0.6953214254465461,0.3028846153846154,0.3028846153846153,-0.21448467966573811,1.0274561888083118,-0.31061823905690067
