MDVP:Fo(Hz),MDVP:Fhi(Hz),MDVP:Flo(Hz),MDVP:Jitter(%),MDVP:Jitter(Abs),MDVP:RAP,MDVP:PPQ,Jitter:DDP,MDVP:Shimmer,MDVP:Shimmer(dB),Shimmer:APQ3,Shimmer:APQ5,MDVP:APQ,Shimmer:DDA,NHR,HNR,RPDE,DFA,spread1,spread2,D2,PPE,jitter_stability_ratio,shimmer_composite,voice_quality_index,frequency_range,frequency_cv
-0.42976179693868277,-0.18286103830467465,-0.5594775534030172,0.8571428571428571,1.0,0.6634615384615384,1.4807692307692308,0.6618589743589742,0.9619856887298748,0.9730941704035874,0.7656739811912225,1.3830275229357798,0.675766016713092,0.7654127481713685,0.5717213114754098,-0.28050314465408793,-0.4664892761085952,1.0179534055219623,0.7982649709294463,0.5211768828154086,-0.08055715266057084,0.8287785927191132,-0.45989263975661865,1.04106733375026,-0.2799845218458004,0.5755929431008295,0.7867944456502982
-0.3934124324487513,-0.2845523677436797,0.148707564895383,1.3439153439153437,1.2500000000000004,1.1201923076923073,2.1634615384615388,1.1185897435897434,1.7491055456171734,1.8699551569506727,1.5117554858934172,2.4441896024464826,1.4540389972144845,1.5120167189132703,0.42725409836065575,-0.5867924528301887,-0.21605825153444744,1.0675948061688476,1.3689551075150306,1.2778945754768634,0.2633288202236765,1.5322515824374559,-0.3247720542688123,1.8957681884511142,-0.5608014770994197,0.020925341745531147,0.0
-0.4797270778613046,-0.4906971004101977,0.10740801546908928,1.5608465608465611,1.5000000000000004,1.5,2.572115384615385,1.501602564102564,1.3461538461538463,1.2242152466367713,1.2163009404388716,1.9396024464831805,1.0206128133704737,1.2160397074190172,0.10963114754098356,-0.34056603773584915,-0.37964069791499033,1.1351778934045853,1.0843312921681605,1.010533692486258,-0.004853756700113719,1.2305000167453697,-0.38979134271799293,1.4917656868876374,-0.30934271026035715,-0.15754176889823587,-0.2292948093491706
-0.4798176493675087,-0.4112434033450478,0.10396030573341355,1.4206349206349207,1.5000000000000004,1.298076923076923,2.1730769230769234,1.296474358974359,1.4619856887298746,1.3811659192825114,1.34717868338558,2.051987767584098,1.1220055710306405,1.3469174503657257,0.132172131147541,-0.341666666666667,-0.35048044872531675,1.0642431912998653,1.3362307205026887,1.2620940367474764,0.11253964426804124,1.5347717606081916,-0.47818516521217597,1.6112153429226594,-0.311728918035321,-0.07635237761420706,-0.11252311012212804
-0.48981070555203315,-0.3652871969064775,0.09099035006111018,2.17989417989418,2.0000000000000004,2.033653846153846,3.1826923076923075,2.03525641025641,1.8792486583184258,1.6816143497757847,1.790752351097179,2.6788990825688073,1.5080779944289695,1.7907523510971783,0.34426229508196726,-0.49811320754716976,-0.4517022597181674,1.114036938077158,1.6221903040400223,0.17112322887239126,-0.023547304189773247,1.8810660102481662,-0.3888462363735804,2.094642484886387,-0.4723533274093599,-0.0223624255169995,-0.03189842547911238
-0.4256106029043261,-0.4186128512828953,0.1669676571991461,-0.33597883597883593,0.0,-0.37019230769230765,-0.21153846153846148,-0.3685897435897436,-0.27504472271914127,-0.3094170403587443,-0.3338557993730408,-0.2935779816513761,-0.22674094707520884,-0.3338557993730408,-0.24999999999999994,0.32531446540880493,0.5751936737086505,0.4182604415694,0.1630279165496808,0.42481878107001325,-0.9089730511712453,0.2184266050437054,-0.4752196792620276,-0.28517823639774853,0.34971485809426245,-0.12403318144643048,-0.19234025658846388
-0.6208676750294356,-0.6936918936072686,-0.024662981812875167,-0.44973544973544977,0.0,-0.42307692307692296,-0.3076923076923077,-0.4246794871794873,-0.29338103756708406,-0.33632286995515687,-0.2946708463949843,-0.28669724770642196,-0.27966573816155976,-0.2946708463949843,-0.384733606557377,0.6407232704402516,0.8130042987517527,0.40829934842731946,-0.24944446120277883,-0.38503821474716954,-0.5196561381382497,-0.18347064536655602,-0.6903191130332614,-0.2814258911819886,0.6622986590133713,-0.2747400397242667,-0.38388322029679156
-0.79600277752619,-0.47944899566295657,-0.2537988653569017,0.2407407407407408,0.7500000000000001,0.29326923076923067,0.41346153846153855,0.29487179487179493,-0.05813953488372089,-0.08071748878923761,-0.10344827586206898,-0.033639143730886806,-0.022841225626740787,-0.10370950888192268,-0.012807377049180337,-0.15801886792452816,0.6873232799245992,0.5292973327708252,0.267943342390569,1.1922563125506427,-0.04148042361407384,0.3843313573796845,-0.7626229917894493,-0.05190744215134474,-0.12807179786236744,0.08498656385091734,0.2676956433862569
-0.9076623494248707,-0.7124975023800851,-0.39393276053922904,0.11904761904761901,0.7500000000000001,0.10576923076923082,0.4038461538461539,0.10737179487179481,-0.03577817531305897,-0.05381165919282503,-0.09874608150470227,0.01605504587155964,0.07465181058495826,-0.09874608150470214,0.03637295081967216,-0.2671383647798745,0.6619560469874258,0.5594032719261237,0.46046412337022014,1.884644022512757,0.115802066138694,0.5364546702836664,-0.8776953496305213,-0.026683343756514516,-0.23506747367514375,-0.05692253767963547,0.06727383511489309
-0.8537572079823685,-0.6698205239712748,-0.3534358525328809,0.21164021164021174,0.7500000000000001,0.23557692307692304,0.4326923076923078,0.23717948717948711,0.23658318425760283,0.17937219730941706,0.1716300940438871,0.24464831804281353,0.25403899721448475,0.1716300940438871,0.02356557377049182,-0.22059748427672937,0.5024941955357346,0.7511718933108334,0.6844091024055434,1.5842257407529075,0.5519594932952495,0.7557436618774906,-0.7901402947514448,0.23452157598499054,-0.18996287757618738,-0.04043696693538963,0.07308135211309233
-0.17413881592850888,-0.15272505024623595,0.4671555482588155,-0.4417989417989418,-0.25,-0.548076923076923,-0.4471153846153847,-0.5464743589743589,-0.4311270125223613,-0.43497757847533625,-0.4302507836990596,-0.4617737003058103,-0.3442896935933146,-0.4302507836990595,-0.2633196721311475,0.4537735849056603,-0.20317923725891357,-0.9559719683120047,-0.5430079457710599,-0.7234741475592931,-0.5630858541832822,-0.3948223316253056,0.057160356486631723,-0.42943506358140504,0.4737022762244601,-0.05199205514662914,-0.1485320790819011
-0.14021978685505518,0.07380026092782169,-0.531038508546307,-0.1851851851851852,0.0,-0.3221153846153846,-0.18269230769230776,-0.32051282051282054,-0.2598389982110912,-0.2466367713004484,-0.37382445141065834,-0.297400611620795,0.021727019498607322,-0.3738244514106583,-0.027663934426229445,0.32578616352201245,-0.3780832624537368,-0.7334645853841467,0.1429991283087721,0.39533101197906434,0.32373091974701834,0.11906795271107547,-0.19008787170481112,-0.2897644361058995,0.33407344456112387,0.8125131440588856,0.8871038367947597
0.06616248528213038,-0.11230474489016358,-0.5441726408726901,-0.4391534391534392,-0.25,-0.5336538461538461,-0.46634615384615385,-0.532051282051282,-0.17665474060822892,-0.22869955156950666,-0.11050156739811912,-0.2668195718654434,-0.28523676880222826,-0.11076280041797283,-0.24897540983606553,0.3309748427672957,-0.12162364083584279,-0.8718183096610883,-0.20109924363189702,-0.16678711429384838,-0.4066583823283944,-0.13034595934224183,0.06466257515343156,-0.17260787992495308,0.3550595457284825,0.6359270942867159,0.564004082047981
0.3066751200072457,0.6972296987576545,-0.5484229920283115,0.6825396825396826,0.2500000000000001,0.25,0.6778846153846155,0.251602564102564,0.4937388193202147,0.6233183856502241,0.1849529780564263,0.43730886850152895,0.931476323119777,0.18469174503657257,0.9344262295081965,-0.38380503144654077,0.7766775476425827,-1.4414756480570015,2.2538895450421506,2.359032477060202,1.2289018305914645,2.0523125355839107,0.5529799443318181,0.410464873879508,-0.3981035230831035,1.4433695525178178,1.2607976069309357
0.08130302206925737,-0.08370846604999958,-0.7275762053302688,1.0052910052910051,0.5000000000000001,0.9423076923076922,0.9807692307692307,0.9439102564102565,0.7097495527728086,0.5336322869955158,0.3620689655172415,0.8119266055045872,1.2796657381615602,0.3618077324973876,1.4221311475409835,-0.8303459119496854,0.9434898048320726,-0.2851685182580975,1.3532925100298636,0.4782756279701293,0.7322996457518036,1.5047640577380355,0.38051183158616,0.6604127579737334,-0.8396701799934436,0.781820306110527,0.7158012436659065
0.08178607010234588,0.0,-0.5023623196337036,0.05291005291005282,0.0,0.0,0.10096153846153853,0.0,0.8559928443649372,0.7219730941704036,0.6394984326018809,0.9709480122324158,1.5415041782729804,0.639237199582027,0.3862704918032786,-0.5226415094339626,0.7647123054642425,-0.34535695870247984,0.5090452467303848,0.20516610822766798,0.3944210545838968,0.620390836933588,0.26012024549079416,0.8457369189076502,-0.49790471694917265,0.7207851384507538,0.6489853236586225
0.293874347130393,0.23931312513957279,-0.4852149802075923,-0.04761904761904751,0.0,-0.057692307692307626,0.004807692307692321,-0.05608974358974353,0.9516994633273702,0.7533632286995516,0.8017241379310347,0.9319571865443423,1.3860724233983286,0.8019853709508882,0.09477459016393447,-0.054874213836478024,0.7074894830003912,-0.5693878029344204,1.1711314737769454,0.4763046667980642,1.0607062707494854,0.8374945577547805,0.07003237378598345,0.9228684594538249,-0.036753881609608574,0.9476924874401216,0.7747277960282578
0.3842496150710988,0.2336009214748299,-0.3554789397836515,0.04232804232804244,0.0,-0.05288461538461531,0.05769230769230764,-0.052884615384615453,0.8805903398926653,0.695067264573991,0.7695924764890283,0.878440366972477,1.1220055710306405,0.7698537095088817,0.38165983606557374,-0.3765723270440251,0.23740833544056436,-0.4866521351896123,0.4612329442048003,-0.09423384359328126,0.3758220969267577,0.5684048360628285,0.24011099583765663,0.8665832812174273,-0.35949454286835136,0.858920434630214,0.6432115952034839
-0.6651269510611958,0.38953467871792763,-0.5052810157062332,0.4576719576719576,0.7500000000000001,0.4038461538461538,0.6201923076923077,0.40384615384615397,0.6905187835420394,0.7713004484304933,0.41300940438871464,0.706422018348624,1.1264623955431756,0.4132706374085684,0.9180327868852457,-0.1180817610062895,0.15397347187421,0.11164627572305896,0.2113530241188532,0.1967457241092352,0.9301203701986387,0.2833818949060583,-0.557494006072756,0.636230977694392,-0.14840417906397085,1.1098726486739106,1.8462833055085248
0.34083567309724366,0.4166970298891642,-0.5502836607745489,-0.013227513227513147,0.0,0.08653846153846155,-0.05769230769230764,0.0865384615384615,-0.11493738819320211,-0.10313901345291476,-0.2476489028213166,-0.11620795107033628,0.06350974930362129,-0.24791013584117033,0.0,0.4860062893081763,-0.44442656490655397,-0.08795059297801514,-0.26180979186921655,0.0809517552504217,0.4540794183652648,-0.32038078971164463,0.13506243515868188,-0.13925370022931005,0.48473563235607847,1.1656969272111226,0.9643463505567208
-0.02440902092201778,0.42125739001657225,-0.436527481347708,0.09523809523809526,0.0,0.08653846153846155,0.13942307692307687,0.08493589743589745,-0.13595706618962436,-0.049327354260089606,-0.2523510971786835,-0.1353211009174311,0.03788300835654596,-0.25208986415882967,0.11936475409836067,0.36194968553459117,-0.7883784280821131,-0.020730792668635697,-0.3299517591997459,-0.2494689354619714,-0.056878164586309,-0.1898003951907297,0.34015724410334636,-0.15551386283093616,0.3578837399597666,1.0973711882229233,1.1370928499012622
0.10409685113063452,0.640836379450171,-0.4672102738101752,-0.39682539682539686,-0.25,-0.3509615384615384,-0.3365384615384615,-0.35256410256410253,-0.22584973166368508,-0.21524663677130038,-0.3416927899686521,-0.23623853211009163,-0.0540389972144846,-0.341692789968652,-0.21413934426229503,0.49575471698113194,-0.14641042734649778,-0.6112947077298081,-0.9868024246474366,0.6668856623524518,-0.19128289778734034,-0.6459861348337184,0.18469807382223152,-0.24869710235563897,0.5101768080041039,1.3352961794602174,1.301175422782287
0.7663255139932978,0.4307894829632937,1.5765336835768622,-0.5793650793650794,-0.5,-0.4711538461538461,-0.5192307692307693,-0.47115384615384615,-0.5402504472271914,-0.5381165919282511,-0.5493730407523512,-0.5198776758409785,-0.5548746518105848,-0.5491118077324973,-0.4754098360655737,1.2772012578616354,-0.3650203443598997,0.15977593399896922,-1.4212264161888608,-0.4989378709239428,-0.4484114472244381,-0.9810023778425264,1.4732734560416028,-0.5278298936835523,1.2815138805997266,-0.1824862717607197,-0.38643326581876986
0.753570026869547,0.4976786826671054,1.5950126780860652,-0.656084656084656,-0.5,-0.5721153846153846,-0.5336538461538461,-0.5721153846153847,-0.42933810375670833,-0.4394618834080717,-0.4427899686520376,-0.37920489296636073,-0.4495821727019498,-0.4430512016718913,-0.4999999999999999,1.25125786163522,-0.17245580561366394,0.1204940702198474,-0.9458136003941559,-0.4785493725773602,-1.5442272381623612,-0.748082655145852,1.0383621203615456,-0.40942255576401915,1.2587972897286912,-0.12783035401331933,-0.3394767564585935
0.8121848866346647,0.4553778164337514,1.6675240336379722,-0.7407407407407407,-0.5250000000000001,-0.6682692307692306,-0.6682692307692308,-0.6698717948717948,-0.5675313059033988,-0.5560538116591928,-0.5768025078369907,-0.5466360856269112,-0.5788300835654595,-0.5768025078369905,-0.5240778688524589,1.5514150943396223,-0.7322762695110457,0.1606900107814192,-1.431395115899354,-0.4417690471497711,-1.4842572843444561,-1.0844887638567935,0.858065913538232,-0.55513862830936,1.5498916828655123,-0.21632200023367198,-0.4170758181966888
0.8260423270838995,0.4544610430060766,1.65075977307138,-0.746031746031746,-0.5250000000000001,-0.6634615384615384,-0.6730769230769231,-0.6618589743589743,-0.5657423971377459,-0.5560538116591928,-0.5775862068965517,-0.543577981651376,-0.5749303621169916,-0.5778474399164053,-0.5276639344262295,1.6084905660377355,-0.8958759568745548,0.15794778043406923,-1.6396496528317592,-0.606245756958588,-1.7092735129921923,-1.1816286546769816,0.8247430732446319,-0.5536793829476756,1.6051779526895789,-0.20649608599135386,-0.40959775023047923
0.4440117139148026,0.23578707349466957,1.1373064083620643,-0.12962962962962962,-0.25,0.00480769230769232,-0.024038461538461602,0.006410256410256427,-0.043381037567084016,-0.08968609865470847,-0.03996865203761756,0.019877675840978576,-0.08133704735376042,-0.03970741901776385,-0.26075819672131145,0.06273584905660393,-0.7804763108894047,0.5907865747902318,-0.23556082540728523,-0.009285417077283442,0.24520281172913852,-0.16612244214474695,0.9424221591690313,-0.013550135501354928,0.09905075787167827,-0.09501109942750327,-0.2833430685431714
0.4182592156507562,0.1497866738754834,1.0561484156952878,-0.2407407407407407,-0.25,-0.1298076923076922,-0.13461538461538455,-0.12820512820512828,-0.16636851520572454,-0.1838565022421524,-0.20924764890282138,-0.12308868501529054,-0.14874651810584952,-0.20924764890282135,-0.3867827868852458,0.33553459119496865,-0.8880198156364223,0.6469437022453486,-0.12477095868245466,-0.24652344348816338,0.35545560769330603,-0.10423992766000191,0.6273289751634317,-0.15488847196164277,0.3694941910662836,-0.12851968687930798,-0.31259877212881226
0.47906288681580794,0.33367026715717946,1.2730805012860502,-0.4656084656084656,-0.25,-0.37980769230769235,-0.38461538461538464,-0.3798076923076923,-0.3483899821109123,-0.3497757847533632,-0.3753918495297806,-0.33333333333333326,-0.316434540389972,-0.3756530825496342,-0.44262295081967207,0.6165094339622641,-0.5291257672237419,0.44283504429756787,-0.4694594818271328,-0.07217002825044332,-0.13998924272492977,-0.3662128671422351,-0.010359611514568089,-0.3412549510110485,0.6436051535827465,-0.08467110643766779,-0.2772525297104944
0.592805603357184,0.34630528555141576,1.2285521443295204,-0.38095238095238093,-0.25,-0.30769230769230765,-0.3076923076923077,-0.30769230769230765,-0.25044722719141327,-0.2600896860986547,-0.2946708463949843,-0.24311926605504575,-0.218384401114206,-0.2944096133751306,-0.4252049180327868,0.5492138364779873,-0.5698777039608285,0.3504312567383868,-0.12495117523623438,0.5256662943740011,0.06986293747797548,-0.209124552061355,0.2297113858230318,-0.2495309568480301,0.5775863284565713,-0.043591541067881365,-0.2517999770635925
0.5691060592337653,0.29223916032956804,1.311899159050694,-0.42857142857142855,-0.25,-0.3221153846153846,-0.34134615384615385,-0.32051282051282054,-0.3255813953488372,-0.33183856502242143,-0.3377742946708464,-0.2905198776758409,-0.29247910863509735,-0.33803552769070006,-0.44262295081967207,0.6297169811320754,-0.9739661157214778,0.43596774949608685,-0.6205327758222089,-0.19479666250574865,0.05415175176660408,-0.4614521584781807,0.09467144982063176,-0.3089430894308942,0.6562975435070244,-0.1507185418857344,-0.3457711924107468
0.5372852700540411,0.278287749321235,1.1184078512924351,-0.5343915343915344,-0.5,-0.4711538461538461,-0.4759615384615385,-0.4695512820512821,-0.3398926654740608,-0.34529147982062774,-0.3628526645768025,-0.32110091743119257,-0.29192200557103054,-0.3628526645768025,-0.4293032786885245,0.5716981132075472,-1.0891186409507827,0.3607321989406083,-0.9273851042123493,-1.7023958128024879,0.030891926479588598,-0.5855688402156803,1.7282214804057743,-0.33062330623306224,0.5995051200143426,-0.040658955485453785,-0.2430107277984551
1.4029828216043232,0.8929608255662251,2.3133585070869587,-0.47354497354497355,-0.5,-0.360576923076923,-0.3509615384615385,-0.36217948717948717,-0.2070661896243291,-0.2466367713004484,-0.1559561128526646,-0.21636085626911306,-0.28245125348189404,-0.15621734587251832,-0.21516393442622947,0.05157232704402507,-0.21983402680398156,-1.1033844278816856,-0.7335881115857589,-0.6637649738300156,-0.1635421110224983,-0.5715948290297732,2.073151160427888,-0.18511569731081914,0.08527979525895948,-0.19498773221170687,-0.4250710104882287
1.4337016574585635,0.9173846099599205,2.3124828982651997,-0.6613756613756614,-0.5250000000000001,-0.5913461538461537,-0.5240384615384616,-0.5913461538461539,-0.35957066189624326,-0.3721973094170403,-0.33542319749216304,-0.32339449541284393,-0.4038997214484678,-0.33568443051201663,-0.3283811475409836,0.4011006289308174,-0.3313601986161237,-1.0914545539774063,-0.9380310297326376,-1.393655694982809,-0.026262588793887636,-0.7886901771660135,1.3579085179422314,-0.3331248697102355,0.4280891326954566,-0.17014838182030598,-0.4090608415073088
1.4649639223500286,1.0487652942490095,2.301774932049107,-0.5952380952380952,-0.5,-0.5048076923076922,-0.4711538461538462,-0.5064102564102564,-0.27504472271914127,-0.30493273542600896,-0.23432601880877743,-0.26299694189602446,-0.339275766016713,-0.23406478578892373,-0.31711065573770486,0.2806603773584906,-0.16358819337486505,-1.1340177190268599,-1.0139903734968738,-0.9990911679039923,0.08762727896581765,-0.7395760072339996,1.3832918003836605,-0.250364811340421,0.3117914261002613,-0.032690734898937146,-0.3163746304214988
1.5698004407813304,1.0416779304427548,1.4067932651088126,-0.7275132275132274,-0.5750000000000001,-0.673076923076923,-0.639423076923077,-0.6730769230769232,-0.47898032200357776,-0.47533632286995514,-0.463166144200627,-0.451834862385321,-0.5002785515320333,-0.4634273772204806,-0.33965163934426224,0.6270440251572327,0.6575308613595089,-1.092403787559181,-1.140400297318641,-0.19722751461796204,-0.5865756625925039,-0.8311564352456544,1.8207917666710907,-0.45778611632270155,0.6456228963542893,0.5334852202360092,0.053273914612328256
-0.3966126256679646,-0.5200808641177235,0.18420620587752418,0.1693121693121693,0.2500000000000001,-0.3028846153846153,-0.20673076923076916,-0.3028846153846154,-0.2728085867620752,-0.29596412556053814,-0.274294670846395,-0.4166666666666666,-0.1810584958217269,-0.27403343782654127,-0.13114754098360654,0.05424528301886775,0.4806958460725042,0.0613837716214312,-0.45966745791788743,0.5201914022293763,-0.49141087226663277,-0.4337134532301817,-0.17491714967961863,-0.30185532624557004,0.0821703903150512,-0.23593877789461387,-0.3517535762744942
-0.3848987108655615,-0.5031793232331544,0.16434083073386965,-0.08465608465608465,0.0,-0.5192307692307692,-0.43750000000000006,-0.5176282051282052,-0.242397137745975,-0.2466367713004484,-0.21551724137931041,-0.396788990825688,-0.19944289693593303,-0.215778474399164,-0.32428278688524587,0.3386792452830189,0.24559205535504897,0.3006140720948767,-0.4926927214942661,0.5045879596171957,-0.538711352634605,-0.47553501456847186,0.0,-0.2666249739420472,0.36793585189976213,-0.20641430073606715,-0.3127675586666302
-0.36254264408417103,-0.4441767257084429,0.21576460716175053,-0.07671957671957681,0.0,-0.43749999999999994,-0.3798076923076923,-0.43910256410256415,-0.017441860465116345,-0.05381165919282503,0.028213166144200566,-0.22706422018348613,-0.04066852367688011,0.028474399164054347,-0.31557377049180324,0.3644654088050317,0.32861313533022235,0.5567899498429665,-0.6229243191024129,0.3899546678930426,-0.9360275979746653,-0.6874560434039987,0.015006937239853352,-0.050656660412758174,0.3920181659429161,-0.1806986797523076,-0.28101244753894433
-0.30886393140717905,-0.4091160188526231,0.2994034914901767,-0.06349206349206343,0.0,-0.4567307692307692,-0.38461538461538464,-0.4567307692307693,0.03309481216457965,0.00448430493273543,0.09247648902821322,-0.19036697247706413,-0.04512534818941494,0.09247648902821319,-0.31454918032786877,0.294811320754717,-0.20797223052343625,0.44277644963202584,-0.9492848960738316,0.016961215864047422,-0.6910232394235589,-0.5556113734552396,0.040018499306276316,0.0,0.3251720534092856,-0.19941581960509402,-0.31323815283571343
-0.28871177127675596,-0.38778340640095943,0.2359948193144712,0.07936507936507935,0.2500000000000001,-0.3221153846153846,-0.30288461538461536,-0.3221153846153846,0.12298747763864037,0.08520179372197317,0.14968652037617558,-0.0779816513761468,0.10529247910863525,0.1496865203761755,-0.31301229508196715,0.41069182389937087,-0.4343061079055654,0.671412834575541,-0.7670511544301173,0.558230952850229,-0.2247102027189944,-0.31964399343581484,-0.3024867434754376,0.08776318532416087,0.4361411672438723,-0.13759785021614676,-0.23556711148750234
-0.598602179754249,-0.44903092347292595,-0.0509494883160949,0.7962962962962962,1.0,0.5625,1.1538461538461537,0.560897435897436,0.22182468694096596,0.20627802690582966,0.2178683385579937,0.22018348623853212,0.1721448467966575,0.2181295715778473,-0.030225409836065583,-0.28128930817610087,0.23019585756649247,1.0618642478788736,0.9246934578297135,-0.14592777522282818,-0.6639408720811623,1.0970896547104723,-0.5092105385856627,0.23327079424640398,-0.2444903883931043,-0.014697978735833407,0.01475788819750187
-0.47079068924916195,-0.5047425394623949,0.08637516189642276,0.7724867724867724,0.7500000000000001,0.3221153846153846,1.0721153846153846,0.32371794871794873,0.03130590339892662,0.053811659192825156,-0.01253918495297809,0.10550458715596336,0.10584958217270207,-0.012277951933124297,-0.21209016393442617,0.0,0.1987023286820994,1.0469108892326453,0.956647477084267,0.7789567045529204,-0.5995975295361394,1.0783683311564354,-0.259806819483896,0.051907442151344414,0.03573305554849747,-0.1580324804299567,-0.23165543703247124
-0.4767533134076017,-0.4814588451005516,0.0453492402269287,0.8677248677248677,1.0,0.49038461538461536,1.1875000000000002,0.4919871794871796,0.18872987477638645,0.25112107623318397,0.14811912225705326,0.23241590214067284,0.21114206128133714,0.1483803552769069,-0.15829918032786877,-0.033647798742138156,0.25341371462724993,0.9962382224722273,1.0583615453453472,0.47903116308608734,-0.960483706437673,1.1766050437054154,-0.45131561387330665,0.20262664165103184,0.0,-0.10861081902091373,-0.15960541294801947
-0.50742686350874,1.157179628824297,-0.01800470639741686,1.076719576719577,1.2500000000000004,0.6778846153846152,1.3173076923076923,0.6794871794871795,0.44812164579606445,0.632286995515695,0.4702194357366772,0.49923547400611623,0.42395543175487477,0.46995820271682326,0.0245901639344262,-0.1819182389937107,0.298964391623181,1.0426920733136462,0.9559505881788771,0.03094409040141904,-0.9518055529795802,1.094535985799926,-0.514274103360044,0.48196789660204264,-0.15319087783410643,1.5608599135413017,2.2864652674023502
1.130679588201552,0.7772240570750225,-0.1277476787245298,-0.5185185185185185,-0.5,-0.375,-0.4567307692307692,-0.37660256410256404,-0.14177101967799638,-0.19730941704035868,-0.15047021943573669,-0.019113149847094817,-0.23286908077994417,-0.15047021943573669,-0.4067622950819671,0.522169811320755,-0.275712052596492,-0.4940350630478603,-1.1205153729361146,-1.4509887655213194,-0.04324424578518898,-0.7293697042767674,1.8182031360637172,-0.09943714821763606,0.5501889080026736,1.253452506133894,0.6736863439718057
1.1136370497841377,0.6874037681738577,1.8210474470530291,-0.5132275132275133,-0.5,-0.3846153846153845,-0.49038461538461536,-0.3830128205128205,-0.259391771019678,-0.28699551569506726,-0.26489028213166144,-0.16284403669724767,-0.3108635097493035,-0.2646290491118077,-0.3867827868852458,0.47783018867924554,-0.7533562446840303,-0.3987015422115972,-0.867222166790807,-1.3468563169305565,-0.12276091028803543,-0.6902776382330286,1.8481970212830314,-0.22388993120700432,0.5060910350969114,-0.08400514078747515,-0.3298276026943265
1.2132053256045647,0.7258847451252335,2.1519363724256184,-0.43386243386243384,-0.5,-0.2740384615384615,-0.43750000000000006,-0.27243589743589747,-0.25894454382826476,-0.28699551569506726,-0.25313479623824453,-0.18807339449541285,-0.3225626740947074,-0.2528735632183908,-0.3811475409836065,0.4948113207547168,-1.375738488770373,-0.528816856513383,-1.0832492193838759,-2.192103015570593,0.2844149340653223,-0.7714089554238251,2.298105299572746,-0.22743381279966648,0.5219625242214851,-0.2576819721930129,-0.4637453749291343
1.221794523442925,0.932769948637181,2.1067330670023168,-0.6746031746031745,-0.5250000000000001,-0.5673076923076923,-0.639423076923077,-0.5673076923076924,-0.3425760286225402,-0.358744394618834,-0.3416927899686521,-0.27828746177370023,-0.4133704735376043,-0.3414315569487983,-0.4072745901639343,0.5657232704402515,-1.2591894439208295,-0.642021750339849,-1.2771127297084284,-1.7743139960142786,-0.6340189550605562,-0.9384691382832646,1.274601417208232,-0.3145716072545341,0.5920541303135686,-0.023075125598784836,-0.2923846820252167
-0.0865410741780632,-0.12284763930842407,-0.7331582115689815,0.9814814814814814,0.7500000000000001,1.1394230769230766,0.8317307692307694,1.1394230769230769,0.5644007155635062,0.6995515695067265,0.5195924764890282,0.4472477064220184,0.6635097493036212,0.5198537095088819,0.7704918032786884,-0.4014150943396228,-0.03798188547389734,0.023039422490976704,0.09608790855208761,-0.6575892954908789,-0.12417048426284874,-0.0405237951706354,-0.06218255275683754,0.5351261204919736,-0.4052842942358789,0.7464890758266152,0.7734884696376105
-0.18271291851583465,0.04389934297904333,-0.7281599445447746,1.3518518518518519,1.0,1.4519230769230769,1.1153846153846156,1.4503205128205128,1.2321109123434704,1.2286995515695067,1.2100313479623825,0.875382262996942,1.101949860724234,1.210031347962382,1.1608606557377048,-0.6677672955974843,0.272091446173651,0.05637978718417489,0.49278321650195844,0.06533736285395178,0.5515885527755618,0.47986369268897144,-0.05891667971178333,1.1467583906608294,-0.6755482832410818,0.9090431125131441,1.0357124554618045
-0.4284334148476887,-0.38962870676179184,0.10107809336179056,-0.14550264550264555,0.0,-0.25,-0.12499999999999992,-0.24999999999999997,-0.23121645796064402,-0.25560538116591924,-0.18103448275862066,-0.3027522935779816,-0.23008356545960992,-0.1812957157784744,-0.3345286885245901,0.45990566037735864,0.0,0.4047485116954962,0.041209260810479376,1.2064581827738,-0.2593838677967994,0.02103218460095772,-0.11505318550554351,-0.2265999583072754,0.48493870506363745,-0.05302021264166354,-0.09254538856362693
-0.5686230112006759,-0.5260751519140586,0.030080811397508178,0.08994708994708996,0.2500000000000001,0.13461538461538453,0.17788461538461545,0.13461538461538455,0.09794275491949914,0.03139013452914801,0.17789968652037616,0.003058103975535176,0.04066852367688031,0.17763845350052243,-0.31557377049180324,0.41210691823899354,-0.3386301464334154,1.025254300848451,0.41127969995877456,-0.18640912774018337,-0.22082274607266783,0.49268227335141834,-0.2874785559700471,0.10569105691056889,0.43768842838031624,-0.14318261479144753,-0.19008527697496208
-0.5720194426833316,-0.5578918912565675,0.021051095423119653,0.005291005291005305,0.2500000000000001,-0.028846153846153917,0.1634615384615385,-0.03044871794871796,-0.010733452593917737,-0.05381165919282503,0.06191222570532922,-0.09327217125382253,-0.06796657381615592,0.06191222570532907,-0.3457991803278688,0.47216981132075475,-0.3820027125813202,1.0303168799512494,0.35120571062171674,0.34696581477344923,-1.0515700057495787,0.39415251682909674,-0.40754405601317073,-0.00208463623097779,0.49755265954691014,-0.1690267554620865,-0.22855527212043864
-0.7199227123147056,-0.6718656339253184,-0.3670625148215035,1.5291005291005293,1.7500000000000004,1.8749999999999998,1.586538461538462,1.8733974358974357,0.40161001788908773,0.6816143497757847,0.445141065830721,0.3532110091743118,0.2122562674094708,0.44540229885057453,0.5763319672131147,-0.5687106918238996,0.5656938920944345,0.7230112970515165,0.720258274298877,0.5126032017169265,0.09931190533597915,0.7726313674269062,-0.5829061957121913,0.413800291849072,-0.5518357823437711,-0.03374225960976739,0.028717275351889233
-0.7903269631373968,-0.7545280379873299,-0.38594283004067925,0.6190476190476191,1.0,0.7548076923076921,0.8125000000000001,0.7564102564102563,0.8054561717352414,0.695067264573991,0.8315047021943575,0.863914373088685,0.622841225626741,0.8317659352142107,0.3729508196721311,-0.5915094339622643,0.2807464196225373,0.49272254253972736,1.0856152384311415,-0.6984648402426471,0.5584194224456105,1.1915167956060146,-0.6528757221311383,0.8440692099228683,-0.5623115716196837,-0.10382053978268484,-0.06516274142363336
-0.797889683905443,-0.7656821146907067,-0.3305058465130702,0.6402116402116403,1.0,0.9423076923076922,0.6009615384615387,0.9407051282051281,0.41726296958855086,0.390134529147982,0.4600313479623824,0.3975535168195718,0.24066852367688027,0.46029258098223597,0.3739754098360655,-0.4965408805031449,0.46050665501942506,0.5897670276098065,0.5515299457261997,-0.09227383220550545,-0.2082831018046262,0.6276583274724539,-0.6357216703645143,0.4371482176360222,-0.472531591938809,-0.15041476808038315,-0.1443536339208176
-0.7495999758475981,-0.8292685793537925,-0.32585417464747624,-0.07407407407407404,0.2500000000000001,0.07211538461538458,0.05769230769230764,0.07371794871794878,0.0,-0.031390134529147885,0.05642633228840127,0.016819571865443403,-0.11476323119777145,0.05642633228840112,-0.10911885245901638,-0.09009433962264159,0.46372497183972805,0.5155744621009706,-0.13943037646696654,-1.540448503164488,-0.540228499360128,-0.07027194480726089,-0.520105462303599,0.03147800708776305,-0.05712694619403076,-0.21660240682322685,-0.2701397478919315
0.42864474836216543,0.384339629294437,-0.5531476312957188,0.7592592592592593,0.2500000000000001,0.8942307692307689,0.8365384615384616,0.8942307692307694,1.1502683363148478,1.0134529147982063,1.1551724137931036,1.3004587155963303,0.9760445682451253,1.155172413793103,2.241290983606557,-1.4031446540880503,0.3479230362520404,0.01365255707120391,0.4301892892583977,1.3598318113133174,1.399234007826845,0.4726464382598211,0.6617893037458988,1.2099228684594534,-1.4015476638221545,1.1353662811076062,0.885505150576064
0.4492346707725752,0.34778622724227476,0.6453966690381071,-0.3677248677248677,-0.25,-0.3317307692307692,-0.24999999999999994,-0.33333333333333337,0.6869409660107334,0.5291479820627804,0.6802507836990596,0.8363914373088686,0.5715877437325906,0.6802507836990594,1.0532786885245902,-1.083805031446541,0.5905611365255969,-0.1901045328833259,-0.4036054139218445,1.2796793903160113,0.5738357104438302,-0.34373220804447574,0.26722247915703184,0.7410881801125702,-1.058501273071569,0.33138217081434745,0.11755049493297669
0.41993478851553323,0.6408128724392049,0.36379722359036093,0.1587301587301587,0.0,0.264423076923077,0.31730769230769235,0.2660256410256409,1.9177101967799641,1.663677130044843,1.9326018808777432,2.1697247706422016,1.629526462395543,1.9323406478578886,1.9103483606557372,-1.3985849056603774,0.6144686329049908,0.1455022734730229,0.2552639863128238,0.8832533999080221,1.468319824916075,0.2955557788271542,0.46021274202217444,2.0114654992703764,-1.3850634302387146,0.8030260544456129,0.5739038705070157
0.3839628053014522,0.45239242604106655,-0.5653149455480763,-0.03174603174603183,0.0,0.0240384615384616,0.03846153846153857,0.022435897435897495,2.0143112701252233,1.977578475336323,2.024294670846395,2.242354740061162,1.6958217270194986,2.0240334378265405,1.5978483606557372,-1.270125786163522,0.594336911795131,0.18183096610884522,0.047820810603230506,0.8859251472745986,1.228221154737838,0.07019659064268731,0.10004624826569015,2.1006879299562216,-1.2545593210719876,1.2108073373057602,0.9828629450026662
0.471711499562238,0.6237585359833571,0.7152811981247374,0.6587301587301587,0.2500000000000001,0.764423076923077,0.8317307692307694,0.7628205128205128,0.9347048300536673,1.0448430493273544,0.8557993730407525,1.106269113149847,0.9454038997214483,0.8560606060606057,3.1393442622950816,-1.7218553459119499,0.545947219604147,0.20045235081798204,1.133653391745154,1.7152399097737778,2.459853107554204,1.225911785391339,0.5192115224446894,0.9768605378361475,-1.7204704109485127,0.5609533824044868,0.3262927294028665
0.27387313951031,0.3896051997508257,-0.5041135372772215,0.7460317460317462,0.2500000000000001,0.7451923076923077,0.9951923076923079,0.7451923076923078,1.9754025044722718,1.9058295964125562,1.9161442006269593,2.263761467889908,1.8696378830083564,1.9158829676071052,3.908811475409835,-1.7410377358490567,0.9048987379600472,0.055594618665916334,1.0334336513033993,1.8652629043207853,1.804087764526958,0.9736092970293713,0.6430290693641609,2.0596205962059613,-1.760618292685953,1.10919499941582,0.9479735443536895
0.05272771186184861,-0.11195213972567326,0.7581130629891095,-0.1084656084656084,0.0,-0.03846153846153856,-0.09134615384615388,-0.03846153846153842,2.5652951699463324,2.5246636771300452,2.5203761755485896,2.7836391437308863,2.1905292479108636,2.5201149425287346,0.288422131147541,-0.49575471698113194,0.029211972138571234,-0.16477991843622553,-0.43808710569894216,-0.1284300199286073,0.0,-0.4315951639371714,-0.04502081171956006,2.6370648321867827,-0.46698330494828383,-0.19781516532305154,-0.35003126120633415
-0.0028680976964646577,-0.09251184165677426,0.6682354658056514,-0.002645502645502538,0.0,0.08653846153846155,0.048076923076923204,0.0865384615384615,0.8796958855098389,0.7802690582959642,0.9231974921630095,0.9174311926605504,0.7203342618384401,0.9234587251828628,0.41956967213114754,-0.6347484276729559,-0.23855773430495847,0.07128627009797102,-0.08272867972424533,-1.434914482184701,-0.001001539403156676,0.006873974346093208,0.15507168481181982,0.9176568688763806,-0.6057085218054512,-0.12092534174553095,-0.25785960711818057
0.14127645442743725,0.0013516531305459583,-0.6798007989930499,-0.2698412698412699,-0.25,-0.1730769230769231,-0.24038461538461542,-0.17467948717948714,0.6677101967799641,0.43946188340807174,0.6716300940438872,0.7645259938837922,0.5604456824512536,0.6713688610240333,-0.12551229508196715,-0.09402515723270426,0.036930185512976964,-0.19044438194346813,-0.3142775597905157,-0.3375708998532729,-0.37284158985106747,-0.20811145718208904,0.5448045698286313,0.7102355638941004,-0.05982166363734009,0.8357752073840402,0.7411000440576968
-0.3536213507230623,-0.33984085753576027,0.19190426676882094,2.1693121693121697,1.7500000000000004,2.4567307692307687,1.8125000000000002,2.4551282051282053,0.7437388193202146,0.5964125560538118,0.7288401253918497,0.6521406727828745,0.7409470752089138,0.7291013584117032,3.614754098360655,-1.1759433962264154,0.767913381301579,-0.1633150517976838,1.4116115149869792,0.5083984845498547,0.606393159856817,1.297389396831776,-0.21965358380852495,0.7302480717114861,-1.2486513187307366,-0.061701133309966016,-0.12263750356242092
-0.3422244361923737,-0.3796734876176823,-0.17258614713876572,2.428571428571429,2.0000000000000004,2.8557692307692304,1.966346153846154,2.855769230769231,1.1028622540250448,0.9551569506726457,1.0478056426332292,1.0007645259938838,1.1977715877437325,1.0475444096133748,4.727459016393442,-1.1610062893081763,0.43134640582975114,-0.4397998406225103,0.5305405181728672,-0.18328843921774748,0.1794165105625312,0.6254981747546805,-0.2605740503983892,1.0775484677923701,-1.2778960823643304,0.13215328893562323,0.1333233178675886
-0.33134076019684183,-0.36558103454355284,-0.10757219212316907,3.9047619047619047,3.0,4.456730769230769,3.5769230769230775,4.455128205128205,2.017441860465116,2.0179372197309418,1.8855799373040758,2.0198776758409784,2.2423398328690807,1.8855799373040747,8.016905737704917,-1.6323899371069184,0.8194696673639689,-0.6265879154361785,1.6124748528295938,0.2625320281190461,0.537413060815698,1.6143792491376134,-0.20357787546236106,2.00458619970815,-1.7833435938969422,0.10452155625657217,0.0927376932567449
-0.3444887238474773,-0.3736674463158638,0.19480472099089735,7.555555555555556,5.75,9.192307692307692,6.134615384615384,9.193910256410255,3.1104651162790695,3.058295964125561,3.2547021943573675,2.6529051987767582,2.472423398328691,3.2547021943573657,15.567110655737702,-2.1933962264150946,1.0077067193857612,-0.8387826372287064,1.658730950607516,0.45546722729562256,1.1984847079770757,1.551399912924076,-0.22646367329818595,3.050865124035855,-2.3751487438981984,-0.09718425049655315,-0.17211890113174994
-0.13944992905232012,4.862507492859746,-0.7207355114102775,6.748677248677249,4.750000000000001,7.798076923076923,6.644230769230769,7.799679487179487,3.2182468694096595,3.2331838565022424,3.4059561128526648,2.8165137614678892,2.3760445682451254,3.4062173458725176,12.722848360655735,-1.9383647798742139,0.5770442058803242,-1.019582337224019,1.992136989331645,0.5667170356743976,0.6418031418662011,2.1694129073311226,-0.08649446303915481,3.1859495518032093,-2.135050465347106,5.694239981306227,6.769811886810429
0.027111070857108663,-0.2145132285704212,-0.5530564220434521,-0.5608465608465608,-0.25,-0.610576923076923,-0.5288461538461539,-0.6105769230769231,-0.48837209302325574,-0.45739910313901344,-0.5352664576802508,-0.5061162079510703,-0.4172701949860723,-0.535005224660397,-0.30737704918032777,0.619811320754717,-1.1440311716972025,-0.07107532930202022,-0.7992132348562019,-1.4192891400039422,-0.6321215943023538,-0.600539200910948,-0.2804394835193682,-0.49614342297269115,0.6361565647487292,0.5400163570510575,0.47621982804785223
0.018521873018748358,-0.146824790493765,0.5096955435159343,-0.5370370370370371,-0.25,-0.5576923076923076,-0.5384615384615384,-0.5560897435897436,-0.39221824686940965,-0.3721973094170403,-0.4271159874608151,-0.38455657492354733,-0.3894150417827297,-0.42737722048066873,-0.2648565573770491,0.7238993710691823,-0.7497873612100873,-0.0989898279660618,-0.8912629003727314,-0.09423384359328126,-0.6500528590240561,-0.6094477377005256,-0.21291951551816837,-0.3894100479466332,0.7325117097595605,-0.07337305760018695,-0.20739803153682113
0.09987018084110759,-0.10723898402698634,0.7019646472938214,-0.7724867724867724,-0.5,-0.7884615384615383,-0.7403846153846154,-0.7884615384615384,-0.5183363148479427,-0.5022421524663676,-0.5352664576802508,-0.5267584097859326,-0.46239554317548737,-0.535005224660397,-0.4415983606557376,1.0894654088050313,-0.9297659823912094,-0.5917006515726805,-0.8787312754613895,-0.3759608435713817,-0.3986720329395187,-0.6603201714725878,0.3784966455366322,-0.5157390035438816,1.098023909397574,-0.15716789344549595,-0.3102381176994702
0.05165594903843246,-0.17741916526604093,0.5123041281307577,-0.5343915343915344,-0.25,-0.5625,-0.5961538461538463,-0.5608974358974359,-0.3457066189624329,-0.3228699551569506,-0.4482758620689656,-0.40749235474006107,-0.2735376044568244,-0.44853709508881917,-0.22336065573770486,0.6314465408805029,-0.5884404956207904,-0.3301809403271922,-0.5839047280934404,0.3316361167684998,0.2861286792662792,-0.6728457081616932,-0.20541729685136811,-0.3796122576610381,0.6407201484628103,-0.10545624488842166,-0.2479050673978798
0.05324095039700533,-0.1824261586018032,0.4959959138254984,-0.7566137566137565,-0.5,-0.7548076923076922,-0.7211538461538463,-0.7548076923076924,-0.5362254025044721,-0.5201793721973094,-0.5877742946708464,-0.569571865443425,-0.42618384401114195,-0.5880355276907,-0.43903688524590156,1.1180817610062894,-1.0608089469207604,-0.6135447428866083,-0.6915148941633811,-0.6372664958500318,-0.0890312888328357,-0.5905924511872467,0.46847830119457495,-0.5497185741088179,1.1252979743364286,-0.09998831639210179,-0.2420829342252462
0.6727651480844127,0.42359633760769144,-0.46279574600047435,0.8095238095238096,0.2500000000000001,1.0480769230769227,0.6875,1.049679487179487,0.36717352415026827,0.29596412556053825,0.4435736677115988,0.37767584097859325,0.181615598885794,0.4433124346917449,-0.07581967213114756,-0.13883647798742127,0.00919519091515132,0.14201003140674034,0.0,0.6547314017913849,0.48940593875771987,0.0,0.7330781943965033,0.4040025015634769,-0.10578590600497978,1.1165206215679404,0.7482000229364076
0.7887570570298584,0.6008627073024528,-0.2915230120943467,0.42592592592592604,0.0,0.6682692307692307,0.43750000000000017,0.6666666666666666,0.028175313059033924,-0.00896860986547086,-0.010188087774294665,0.09021406727828749,0.052367688022284115,-0.010188087774294707,-0.20030737704918028,0.06635220125786173,-0.3440725500563204,-0.006539164674447425,0.4538510266542604,0.4113724459628148,0.38222638499916517,0.392277035399712,0.9654462957639094,0.046904315196997934,0.09841381318748661,1.1830354013319313,0.7538029350973766
0.8734867010838391,0.6287537758136362,-0.24894653313632145,0.09259259259259273,-0.25,0.33653846153846156,0.0,0.3349358974358976,-0.052772808586762095,0.0,-0.0768025078369906,-0.02828746177370021,-0.08579387186629525,-0.07706374085684432,-0.02407786885245901,-0.1498427672955974,-0.9450702282706144,-0.1558618103407864,-0.6842149635428875,-0.4071567790114535,1.1002800600923641,-0.5873689674804915,1.5726085271802317,-0.040858870127162834,-0.11956653418437482,1.1834910620399577,0.7184907273413026
0.147284364338979,3.1698851682514313,-0.6150969554351594,0.04232804232804244,0.0,-0.08653846153846155,-0.18750000000000008,-0.0865384615384615,-0.342128801431127,-0.273542600896861,-0.469435736677116,-0.43883792048929654,-0.24846796657381606,-0.46943573667711586,0.2351434426229508,0.5564465408805034,-0.25951127560285986,-0.8742089720151874,-0.1594367343213529,0.595613516413727,0.5488473023350707,-0.13029572323252614,0.24011099583765663,-0.39212007504690427,0.5340042275548431,3.944023834560113,4.034036807661482
-0.29468949068622996,3.606410361890434,-0.3177000674948466,0.32010582010582017,0.5000000000000001,0.04326923076923067,0.326923076923077,0.04326923076923082,-0.0961538461538461,0.053811659192825156,-0.2789968652037618,-0.1559633027522936,-0.013370473537604299,-0.27873563218390807,0.6429303278688524,0.30283018867924505,-0.047113859451506764,-0.5190432663010358,-0.2637728374206911,0.6684624312901035,0.6331286978133057,-0.27830804782477636,-0.3969511446260176,-0.14967688138419857,0.2647575736850481,4.187475172333217,5.393535339511165
0.4281315098270087,0.49873649816057636,-0.39595760593954654,0.0,0.0,-0.11057692307692314,-0.1201923076923076,-0.10897435897435899,-0.4713774597495527,-0.4125560538116591,-0.5258620689655172,-0.5282874617737002,-0.36434540389972137,-0.5256008359456634,0.0338114754098361,0.6838050314465409,-0.5509413576699387,-0.8465640088126374,0.8771766176369357,0.6869128178174889,0.5765676873713296,0.41144211125623753,0.1600739972251044,-0.491765686887638,0.6705395731497246,1.1484051875219068,0.898155167172989
0.11739576729161028,0.2614802364805302,-0.4714971086667033,0.6190476190476191,0.2500000000000001,0.8221153846153844,0.7163461538461541,0.8221153846153846,0.053667262969588535,0.06726457399103145,0.06583072100313483,0.0756880733944955,-0.0211699164345403,0.06583072100313482,0.47387295081967207,-0.5693396226415093,0.7052079262545686,0.0,-0.07664385728395845,-0.8269934082298581,-0.7700001854702602,-0.030811480625606923,0.46293081929947516,0.07504690431519674,-0.5468528969971179,0.9609416987965885,0.8886700367524627
-0.04963318539987293,0.29676425994052724,-0.4565935168463489,0.7222222222222222,0.5000000000000001,0.8749999999999997,0.8461538461538461,0.8750000000000001,0.06216457960644002,0.10762331838565031,0.02351097178683385,0.13302752293577982,0.10362116991643457,0.02377220480668759,0.39907786885245894,-0.6226415094339625,0.813567504195306,0.08349739839685055,0.19400273341330976,-0.9957186343429034,-1.073722573585326,0.3101912321243176,0.05932056342128336,0.08338544923910768,-0.5931656896141648,0.9864703820539784,1.0284273462084923
-0.15573770491803243,0.28652695666482514,-0.44789215418011996,0.22222222222222235,0.2500000000000001,0.29807692307692296,0.3894230769230769,0.29967948717948706,0.2540250447227192,0.16591928251121077,0.21865203761755495,0.37003058103975534,0.27910863509749306,0.21839080459770108,0.358094262295082,-0.7294025157232704,0.7313337624422428,0.11512679885623282,0.23571087695850151,-1.4423055865799446,-0.9710833317877484,0.23784286144880928,-0.09987621215266645,0.28934750885970395,-0.6919840354948243,0.9707208786073139,1.0900104588209825
-0.4442683331823805,-0.5327511430284084,0.06474032725879698,-0.05291005291005282,0.2500000000000001,-0.08653846153846155,-0.2596153846153846,-0.08814102564102566,-0.532200357781753,-0.4977578475336322,-0.5227272727272727,-0.5741590214067277,-0.5275766016713092,-0.5227272727272726,0.32223360655737693,0.6328616352201256,-0.2207592928898188,-0.3355599306239154,-0.8082070463899066,-0.7220725751702692,-0.030348498618246806,-0.6096319367694831,-0.4900890872928181,-0.5317907025224098,0.5997923527392386,-0.17201775908400496,-0.256184065249798
-0.4284636053497567,-0.5433410514686007,0.0,-0.5026455026455026,-0.25,-0.5576923076923076,-0.5336538461538461,-0.5560897435897436,-0.5371198568872987,-0.5336322869955157,-0.5713166144200628,-0.5603975535168195,-0.4763231197771587,-0.5713166144200625,-0.31147540983606553,0.5584905660377358,-0.026487896829958103,-0.11229081704401613,-0.03632330385671139,-0.2508486082824167,-0.43771537733924404,-0.017549147660671713,-0.11539067284976794,-0.5432562017927871,0.5776987878208849,-0.14107956536978605,-0.21558407660802806
-0.4252785073815775,-0.5255815046837722,-0.09956401977416586,0.08465608465608465,0.2500000000000001,0.17788461538461542,-0.03846153846153836,0.17948717948717954,-0.3627012522361359,-0.37668161434977576,-0.3934169278996866,-0.3830275229357797,-0.3142061281337047,-0.39315569487983276,0.26383196721311475,0.17798742138364804,-0.16547895450679287,-0.051282051282050545,-0.22445623715570331,-0.16703895933250107,0.36138509190051366,-0.131827924578854,-0.29498264972274246,-0.3662705857827809,0.17307652693872008,-0.05965650192779524,-0.10261055389455614
-0.42577665066570036,-0.5589261997390724,-0.016308214305259226,-0.14021164021164023,0.0,-0.03846153846153856,-0.19711538461538453,-0.0400641025641026,-0.3161896243291592,-0.31838565022421517,-0.37931034482758624,-0.38685015290519875,-0.24958217270194974,-0.3790491118077325,-0.04098360655737706,0.5031446540880502,-0.15708259580239534,0.07869263582243508,-0.20695357451413066,-0.020497996189474902,0.3391620453660251,-0.12588331826250035,-0.10504856067897432,-0.3418803418803419,0.5041514850726148,-0.14612688398177345,-0.22313293470830733
-0.44389095190653,-0.5600192757489925,-0.344260201754866,-0.30158730158730157,0.0,-0.3028846153846153,-0.3653846153846154,-0.30128205128205127,-0.4570661896243291,-0.4618834080717488,-0.4482758620689656,-0.474006116207951,-0.4696378830083564,-0.44853709508881917,-0.0983606557377049,0.08993710691823888,-0.14357141215144484,-0.08335677119955046,0.31631795150241065,0.39445502923592407,0.3179776322866623,0.38967313037945,-0.41018961788932917,-0.44965603502188867,0.11403520480496773,0.06283444327608366,0.07473152341801187
-0.4485553844760436,-0.5775319989186778,0.07605027453984926,-0.3412698412698413,0.0,-0.30769230769230765,-0.36057692307692313,-0.30769230769230765,-0.5277280858676207,-0.4932735426008968,-0.560344827586207,-0.5351681957186544,-0.4763231197771587,-0.560083594566353,-0.3027663934426229,0.440566037735849,-0.07849244844946096,-0.06240331880185659,-0.466424418492229,-0.4398747344677309,-0.5750486859432096,-0.37045781841320874,-0.48522430408859657,-0.5290806754221389,0.4640094769884981,-0.22377614207267194,-0.3285958666697179
-0.6331853998731996,-0.7061858699357085,-0.22915412539447996,0.3412698412698414,0.7500000000000001,0.28365384615384603,0.3509615384615386,0.28365384615384615,1.2115384615384617,1.040358744394619,1.158307210031348,1.3692660550458713,1.0545961002785516,1.1585684430512013,0.9918032786885246,-0.9051886792452833,0.8152686145146089,0.18331927061360298,0.42059140421180835,1.1114031053588243,0.056127010033941084,0.4806925884992798,-0.6675632179207378,1.258077965395038,-0.8887935379253832,-0.1561864703820539,-0.19580212502687053
-0.5328019804969355,-0.5005817985214092,-0.09109980116383005,0.11111111111111117,0.2500000000000001,0.12019230769230757,0.31730769230769235,0.12179487179487183,1.366726296958855,1.1973094170403589,1.3252351097178685,1.5489296636085625,1.3236768802228414,1.3254963427377215,1.329405737704918,-0.9544025157232706,0.7437070412174431,-0.23208175127736302,0.9205778686337349,0.9331625166984213,0.6073891351521783,0.74281623631066,-0.25746218095926615,1.4238065457577647,-0.9504478155333864,-0.04022666199322331,-0.045148550551165435
-0.48775775141140565,-0.4834099270107312,0.07566719568032974,-0.20899470899470898,0.0,-0.24519230769230768,-0.06730769230769228,-0.24679487179487175,0.35912343470483,0.2600896860986548,0.24216300940438878,0.37538226299694194,0.5637883008356546,0.2424242424242423,0.37500000000000006,-0.6314465408805034,0.7405404473460381,-0.3793653025828525,-0.01644224678220602,0.15532269014300423,0.18689838084463123,-0.005718543822632951,-0.23510868342437138,0.34604961434229703,-0.6002007302428994,-0.129968454258675,-0.1879584174133671
0.330676569151345,1.1275843020180767,-0.47655010124226993,0.2936507936507936,0.0,0.0,0.11057692307692317,0.0,0.4695885509838999,0.3228699551569508,0.39811912225705326,0.4915902140672784,0.5938718662952648,0.3981191222570531,0.7120901639344261,-0.67248427672956,1.0412231902714884,-0.508179815309614,0.8107842204551204,1.9585222171123233,1.1479180963332525,0.7665946615760741,0.715330675099684,0.47071086095476333,-0.6567239679333289,1.8251314405888537,1.6198018651556259
0.8999939618995864,0.9512347057509902,-0.2529232565351428,0.7857142857142858,0.2500000000000001,0.9423076923076922,0.8750000000000001,0.9439102564102565,2.013416815742397,1.6233183856502242,2.202978056426333,2.0504587155963305,1.5075208913649025,2.202716823406478,1.6101434426229506,-1.1272012578616355,0.6344107032022251,-0.7321520648760137,0.33627248742931554,0.766835293344721,0.5939814900680673,0.38560400549248136,0.6993097725093748,2.095476339378778,-1.1229825425506506,1.5066012384624374,0.9682577311822251
0.7547021706970988,0.5457152595761684,0.7848373739032087,-0.22222222222222224,-0.25,-0.24038461538461536,-0.14903846153846154,-0.24038461538461547,0.5831842576028623,0.39461883408071746,0.6661442006269592,0.577217125382263,0.4300835654596101,0.6661442006269591,0.32428278688524587,-0.647012578616352,0.6340026666053651,-0.7814887732620828,0.20097626323682896,1.0058581345947488,0.22377357790678223,0.20257711242841347,0.6798445058310314,0.6183031061079841,-0.6122181723185556,0.43882462904544917,0.1395196845992237
0.8203212269420042,0.6893195895675885,-0.35453036356007955,-0.23809523809523803,-0.25,-0.20673076923076922,-0.1682692307692308,-0.20512820512820512,-0.10107334525939168,-0.13004484304932734,-0.06896551724137936,-0.11009174311926606,-0.14038997214484666,-0.069226750261233,0.46874999999999994,-0.6493710691823898,0.23073032803843568,-1.122556602446913,-0.04143743198371968,-0.06057420668812835,0.2334514160654338,0.028165712180582114,0.6348311938302316,-0.08359391286220552,-0.6221421192495107,1.3113214160532773,0.8464140230435371
1.1306192071974155,1.0697100410197342,-0.32888232182272564,-0.28571428571428564,-0.25,-0.3028846153846153,-0.27884615384615385,-0.30448717948717946,0.1399821109123435,0.07174887892376688,0.13636363636363638,0.12003058103975535,0.08412256267409475,0.13636363636363621,0.20389344262295084,-0.38537735849056615,0.4074331624560357,-1.806344630384851,0.3003258593738521,1.3835380942995423,0.9193389839939161,0.39513212096855227,0.4997912578278319,0.14613299979153638,-0.35746752493903494,1.6730225493632436,0.9888851179005499
0.32170999003713446,0.2221295001234115,0.8351848811543441,2.931216931216931,1.5000000000000004,3.033653846153846,3.3653846153846154,3.033653846153846,2.6475849731663685,2.7443946188340806,2.0368338557993733,3.138379204892966,3.9275766016713094,2.036572622779519,3.2966188524590163,-1.6443396226415097,0.377324659203237,0.7627619181549719,1.970340067863522,2.144767098088168,1.9822560602407402,2.2762399946414815,0.4741331865647756,2.643527204502813,-1.655819712032195,0.08491646220352846,-0.0924217186226861
0.529209310750838,0.5166135800002349,1.0155785402871267,2.6613756613756614,1.2500000000000004,2.9663461538461533,2.754807692307692,2.96474358974359,1.7115384615384615,1.8340807174887894,1.3009404388714731,2.1253822629969417,2.5632311977715876,1.300940438871473,2.542008196721311,-1.328616352201258,-0.10304360819291512,0.4752378943421,1.213169885427133,1.4984889297680837,1.4791030658233955,1.259394152516829,0.6096043858047865,1.735251198665832,-1.3449022768649297,0.26211005958640027,0.03471917490181166
0.6061950910243639,0.5105957851929336,1.1002572100913917,3.3306878306878307,1.5000000000000004,3.6730769230769225,3.754807692307692,3.671474358974359,2.189177101967799,2.3004484304932737,1.7782131661442009,2.491590214067278,2.822284122562674,1.7782131661442,3.5727459016393435,-1.653930817610063,0.3270959288292221,0.41736980265316737,1.9087284368573023,1.2753432757374683,1.724853014819074,1.950651394889313,0.7259721902746173,2.1846987700646228,-1.6730500643596353,0.20189274447949526,-0.034869214675156274
0.817709748513118,4.617717234165091,1.3059523158029152,3.0873015873015874,1.2500000000000004,3.302884615384615,3.4471153846153846,3.3012820512820515,2.212432915921288,2.798206278026906,1.8103448275862073,2.2507645259938838,2.61949860724234,1.81060606060606,3.4805327868852456,-1.2308176100628931,-0.3926748810372177,0.554153189893592,0.7368026180128381,0.47517683901627134,1.0485320028933363,0.7075337419203589,0.9116819096036813,2.138419845736918,-1.2924262177421215,4.1528449585231915,3.200495387962289
0.5771367327838661,0.4595738178911861,0.7985370035936447,3.735449735449736,1.7500000000000004,4.052884615384615,4.365384615384616,4.052884615384616,1.613148479427549,2.57847533632287,1.1708463949843262,1.8295107033639142,2.5075208913649027,1.170585161964472,5.049692622950819,-1.6176100628930818,0.06822831659042318,0.4020180002812549,1.0525234571568023,1.3289862689705014,1.138674258582636,0.9697159985264073,0.6689643758896994,1.574108818011257,-1.6863012541520115,0.34442107722864834,0.09861625689141777
0.6695649548651996,0.6061165242533585,1.151535051715646,7.002645502645503,3.250000000000001,7.538461538461537,8.230769230769232,7.540064102564103,4.3313953488372094,4.901345291479821,3.4811912225705335,5.060397553516819,6.6963788300835665,3.481452455590386,10.562499999999998,-2.260377358490566,0.7466035263557161,0.4675737120892518,2.6383301273349846,2.5360576396644987,1.361991579650203,2.8609380756220903,0.7739591146183221,4.336668751302897,-2.3461798581290276,0.2640028040658956,0.007791481718001326
0.7495395948434626,0.7080194167910577,1.2552399715427134,5.962962962962964,2.75,6.4230769230769225,6.985576923076924,6.424679487179487,2.88953488372093,3.6278026905829597,2.413009404388715,3.237767584097859,3.654596100278552,2.412748171368861,7.771516393442622,-2.1018867924528304,0.5069423691409394,0.3050203909436092,2.324517417968597,1.5038324245012373,1.5563755401821315,2.2526960045547404,0.7689741428996832,2.8834688346883466,-2.165659374029927,0.29887837364178044,0.02220159388453482
-0.44322676086103296,-0.522067206544352,-0.30708331053102034,0.6137566137566137,0.7500000000000001,0.7740384615384616,0.2596153846153847,0.7740384615384616,0.20527728085867622,0.12107623318385648,0.21865203761755495,0.06422018348623856,0.1448467966573817,0.21839080459770108,1.801229508196721,-0.1561320754716979,0.8949564377830397,-0.8096376505882913,1.2422342521283734,-0.4729649825898428,0.19706956989446717,0.5173230851669514,-0.4099011992765985,0.1832395247029392,-0.2369683549846136,0.0767496202827435,0.09410133985573221
-0.394378528514929,-0.3583761356824675,-0.19834363997883953,0.7063492063492065,0.7500000000000001,0.8798076923076922,0.4471153846153846,0.8814102564102565,0.03130590339892662,0.06278026905829602,0.0,-0.024464831804281273,0.007242339832869172,0.0,1.0737704918032784,0.02138364779874202,0.6650709179099329,-1.2268551071110485,0.3171184842627635,0.12753213761688886,0.6579909861453711,0.2920225057771525,-0.32234614439752196,0.019804044194287863,-0.027791944493581376,0.1698212407991589,0.20450581670181836
-0.46039006128671905,-0.4542847404238316,-0.08956748572575195,3.5793650793650795,3.0,4.254807692307692,2.2692307692307696,4.254807692307692,1.2025939177101965,1.0269058295964126,1.1010971786833859,0.6422018348623854,0.645125348189415,1.1010971786833852,4.945184426229508,-0.588364779874214,0.7735052067768555,-0.9566751042985052,1.8567881697500719,0.9233843593281212,1.1493443626314517,0.6332847717606082,-0.32666757381105854,1.040441942880967,-0.7879794353894702,0.004813646454025074,-0.001933982441593347
-0.516619871388461,-0.5696571502450608,-0.5225378062350644,0.32010582010582017,0.5000000000000001,0.3221153846153846,0.3365384615384616,0.3205128205128204,0.7987477638640429,0.883408071748879,0.293103448275862,0.5145259938837919,1.3125348189415045,0.29284221525600823,0.5010245901639343,-0.3742138364779873,0.9033413024987933,-0.3966858857169637,0.509797824871277,0.4417580973654818,-0.35935790196042133,0.4963327639907565,-0.3969511446260176,0.6024598707525534,-0.36420146528357283,0.16743778478794255,0.2550464139632003
-0.5002566192675781,-0.43631363054030886,0.03894635071781691,0.4206349206349207,0.5000000000000001,0.5769230769230769,0.39903846153846156,0.578525641025641,0.4695885509838999,0.5201793721973095,0.3440438871473354,0.30657492354740057,0.6534818941504178,0.344305120167189,0.8785860655737703,-0.5391509433962263,0.4703799912645688,-0.5161955655557118,0.4347550331080244,0.08368920132273407,0.18181649572490982,0.44051207341170157,-0.2828832176141923,0.4058786741713569,-0.5404664039468059,-0.059633134711999054,-0.08296901258672806
-0.5118497720617091,-0.5416250396680812,-0.26534595669384714,0.5052910052910053,0.7500000000000001,0.6442307692307692,0.45192307692307687,0.6426282051282052,0.6417710196779964,0.7174887892376681,0.5164576802507838,0.4732415902140673,0.7426183844011143,0.5164576802507834,0.8258196721311476,-0.6073899371069182,1.087314084733684,-0.10365396334317718,0.24384614611153807,0.2613166020629394,0.11835413691414523,0.29180481596838465,-0.5124656921349451,0.5774442359808212,-0.601598667054013,0.03057600186937748,0.05234345614255404
-0.5481387555475045,-0.48413864435067766,-0.14848866268994326,0.15608465608465616,0.5000000000000001,0.28365384615384603,0.18269230769230776,0.28365384615384615,-0.20885509838998212,-0.24215246636771295,-0.18652037617554862,-0.220183486238532,-0.2200557103064066,-0.18625914315569486,0.17418032786885246,-0.25125786163522,0.3510896301234455,-0.648467163549431,0.1763299092188121,-0.3721722182073013,-0.8772836025743276,0.22370139656385,-0.5830619729084694,-0.19512195121951234,-0.22837148289203527,0.012875335903727282,0.038941544825559234
1.3244271352232586,0.8439369541965892,-0.06439373210018426,-0.48412698412698413,-0.5,-0.375,-0.4471153846153847,-0.375,0.10062611806797846,0.03587443946188344,0.16065830721003135,0.0802752293577982,-0.07632311977715875,0.160919540229885,-0.2433401639344262,0.19827044025157223,-0.14957127422358105,-1.1741081891904563,-0.7510211626829528,-0.5104241946433654,-0.20342192629411934,-0.5527311698315416,2.0131633899892596,0.1234104648738793,0.22761414614443237,1.2791914943334504,0.6250490370136269
1.3413791021344685,0.8327241099657973,2.2544920556741275,-0.4153439153439153,-0.5,-0.28365384615384615,-0.4182692307692308,-0.28365384615384615,-0.43872987477638636,-0.41704035874439455,-0.3989028213166145,-0.43883792048929654,-0.4880222841225626,-0.3986415882967607,-0.28790983606557374,0.29276729559748405,-0.6384106112503162,-1.1919444053813346,-0.907237976345997,-0.46612136740906207,-0.9133928074633235,-0.7875682373823636,2.4030838978403457,-0.41838649155722313,0.32128864475120583,-0.2171632200023366,-0.4384657119910084
1.457114391812336,1.1677107697370739,2.4353417610682424,-0.023809523809523756,-0.25,0.2259615384615384,-0.04326923076923068,0.22596153846153857,-0.14579606440071552,-0.1255605381165919,-0.0948275862068965,-0.1529051987767584,-0.28022284122562663,-0.09456635318704278,-0.02356557377049182,-0.20267295597484303,0.15435277349946006,-0.9563000984390383,-1.128790638639512,-0.5233668396732586,-0.46300610197154923,-0.7489199236411131,1.2425109058410315,-0.12299353762768395,-0.16995753928988103,0.0,-0.293473157915366
-0.5421459408869967,-0.46409891750214527,0.0008756088217589124,-0.27777777777777773,0.0,-0.3173076923076923,-0.2692307692307692,-0.31570512820512825,-0.38685152057245076,-0.358744394618834,-0.42398119122257055,-0.4090214067278286,-0.3442896935933146,-0.4239811912225705,-0.3381147540983606,0.5690251572327044,-0.47504080365968593,0.3313997093704597,-0.3700487822233771,0.0,-0.28092067436986534,-0.21176194782142743,-0.3651688061697685,-0.3927454659161976,0.5898595513494437,-0.06286949409977802,-0.07608494516487015
-0.5245146876792558,-0.6630975188349928,-0.15968915886827567,-0.2936507936507936,0.0,-0.2932692307692308,-0.20673076923076916,-0.29166666666666674,-0.33586762075134163,-0.3408071748878923,-0.3581504702194358,-0.3180428134556574,-0.3398328690807798,-0.35788923719958193,-0.3160860655737704,0.5864779874213838,-0.6649329900462059,0.448589040453758,-0.07611016877705674,-0.2927424829730856,-0.9131331490995425,-0.050160755551090085,-0.3951826806494756,-0.3266624973942047,0.6048844265658623,-0.15784554270358675,-0.22117047951448734
-0.4748664070283486,-0.3337290346845948,-0.10478118900381254,-0.283068783068783,0.0,-0.26923076923076916,-0.13461538461538455,-0.2692307692307693,-0.2531305903398926,-0.28699551569506726,-0.25391849529780564,-0.19801223241590213,-0.2451253481894149,-0.2539184952978057,-0.25870901639344257,0.4132075471698114,-0.6233879680926876,0.3288449819528432,-0.1295238802402992,0.11402010380395514,-0.8752897972810064,-0.18880404568136896,-0.37517343099633743,-0.22764227642276433,0.43451136254114964,0.13439654165206233,0.18844741171292365
-0.49938109470760483,-0.5847486512852461,0.054123570294970696,-0.3386243386243386,0.0,-0.3461538461538461,-0.22596153846153844,-0.34615384615384626,-0.32200357781753125,-0.3228699551569506,-0.3079937304075235,-0.2966360856269113,-0.34818941504178264,-0.3079937304075235,-0.35553278688524587,0.50125786163522,-0.5170168501873521,0.38477944967890176,-0.09411480799975837,-0.22936513150690926,-0.6862752007715566,-0.013404668609129502,-0.4802219916753122,-0.30102147175317906,0.5261957218689256,-0.21690618062857808,-0.3119154192080385
-0.4841650816653078,-0.5150621172764778,0.06025283204728282,-0.30158730158730157,0.0,-0.3028846153846153,-0.15865384615384617,-0.3028846153846154,-0.2227191413237924,-0.24215246636771295,-0.2594043887147336,-0.22935779816513752,-0.23788300835654583,-0.25914315569487983,-0.34836065573770486,0.5229559748427675,-0.7742465690443898,0.40806496976515266,-0.13287451590971847,-1.2004139018461337,-0.6308900717769907,-0.09410060618239055,-0.41018961788932917,-0.22347300396080896,0.5464623883871137,-0.15155976165439863,-0.21984112288622282
0.04943694713643096,0.20385279909733073,0.44130684616647525,-0.3862433862433862,-0.25,-0.46634615384615374,-0.4038461538461539,-0.4647435897435897,-0.3372093023255814,-0.34529147982062774,-0.37382445141065834,-0.3325688073394495,-0.29415041782729795,-0.3738244514106583,-0.2689549180327868,0.20974842767295593,-0.5709294039217488,0.20550321098767171,-0.4963481010357424,-0.2295731774084049,0.19453419144240175,-0.44345925851502066,0.2147069484894317,-0.335417969564311,0.24040904522882328,0.3190209136581377,0.2217700743354085
0.004951242339160144,-0.17043758300913256,0.6078731826556487,-0.3994708994708995,-0.25,-0.3846153846153845,-0.28846153846153844,-0.38461538461538464,-0.29025044722719134,-0.3004484304932736,-0.2868338557993731,-0.279051987767584,-0.25013927576601663,-0.2865726227795193,-0.3109631147540983,0.25078616352201244,-0.5365566308820489,0.3994632728636384,-0.36111994146442583,-0.39885684252020226,-0.17308641059406177,-0.21234803576811007,0.17719585515543168,-0.27579737335834903,0.28271303830184846,-0.15972660357518392,-0.30265914658698334
-0.004815385079853702,-0.19837566554224817,0.5358361152155273,-0.1798941798941799,0.0,-0.13461538461538453,-0.07211538461538461,-0.1346153846153847,-0.3457066189624329,-0.3497757847533632,-0.3761755485893417,-0.34021406727828735,-0.2757660167130918,-0.3761755485893417,-0.2843237704918032,0.13616352201257859,-0.5600733316475485,0.5851028922326911,0.10356186803352851,0.24078575652059667,0.927783444924606,0.059127901135336176,-0.18008324687824193,-0.3420888055034396,0.17099684990673641,-0.1413599719593409,-0.28074260566928966
0.029858406545300975,-0.11070626814447423,0.7126908553603675,-0.1693121693121693,0.0,-0.12499999999999989,-0.06249999999999996,-0.12339743589743588,0.1466905187835421,0.1255605381165919,0.09090909090909088,0.19342507645259943,0.21727019498607245,0.0911703239289446,-0.2479508196721311,0.049685534591194805,-0.8250270108733134,0.3621033141142833,-0.3220284185262618,-0.39054595624466204,-0.14958176456405278,-0.34799390468535435,-0.160073997225104,0.1571815718157183,0.08568825379806516,-0.16748451921953475,-0.31411049359593396
0.0,-0.1384798016008276,0.6627446688192048,-0.16666666666666677,0.0,-0.14423076923076916,-0.05288461538461532,-0.14583333333333337,-0.17531305903398925,-0.20627802690582953,-0.19984326018808782,-0.16666666666666663,-0.11086350974930355,-0.20010449320794144,-0.23360655737704913,0.007704402515723191,-0.5020344359899772,0.47372615197112494,0.10909366542680791,-0.029356371679477796,0.6200437709813228,0.10082387219933685,-0.15507168481181982,-0.1684386074629977,0.04453931996459979,-0.16310316625774016,-0.3059114170057636
0.02046916040213783,-0.11098835227606649,0.7136029478830332,-0.32804232804232797,-0.25,-0.2788461538461538,-0.23076923076923078,-0.28044871794871795,-0.03488372093023253,-0.049327354260089606,-0.039184952978056464,0.015290519877675879,-0.05125348189415026,-0.03944618599791024,-0.2561475409836065,0.03003144654088034,-0.9561676743063379,0.3370247972624571,-0.33419032879079313,-1.1988699822613496,-0.2519706215108413,-0.24531966911149058,0.379755759159032,-0.010631644777986348,0.06742296782376482,-0.16834910620399568,-0.31406683526629886
-0.4715152612987952,-0.5751577908111097,0.018041190098323653,-0.11375661375661371,0.2500000000000001,-0.2211538461538461,0.11538461538461549,-0.22115384615384617,-0.1404293381037567,-0.1704035874439461,-0.26724137931034486,-0.0749235474006116,0.10640668523676891,-0.26724137931034486,-0.07172131147540983,0.041194968553459194,0.6181524562653733,-0.6897295270238603,0.17482475293702748,-0.2990276591551147,-0.5891425709887423,0.2516494189356642,-0.5763861654488133,-0.14509068167604766,0.06572195084549635,-0.1842621801612338,-0.269064646530749
-0.48570479727077837,0.052079782795218486,-0.15841222933654384,-0.3862433862433862,0.0,-0.4711538461538461,-0.2596153846153846,-0.4695512820512821,-0.2947227191413237,-0.327354260089686,-0.4216300940438872,-0.253058103975535,-0.037325905292478936,-0.42163009404388707,-0.18340163934426226,0.217295597484277,0.5894174846555252,-0.8682557539961564,0.19531065698602113,-0.9303812714889517,-0.5308492683198256,0.24011185907096694,-0.5702636151144331,-0.3066499895768188,0.24159620024447487,0.552260778128286,0.795982440686796
-0.4816290794915917,4.926716893313431,-0.3546033309618929,0.09523809523809526,0.2500000000000001,0.10576923076923082,0.08173076923076925,0.10576923076923077,-0.2517889087656529,-0.2466367713004484,-0.3017241379310345,-0.2668195718654434,-0.14874651810584952,-0.3017241379310345,0.15471311475409835,0.17940251572327018,0.4049906898691986,-0.7121244081938786,-0.4532639692966679,-0.7180321047675361,-0.33929929335831066,-0.5447520010717036,-0.279974462217352,-0.2584948926412341,0.1819192398541711,5.523565837130505,7.949216242881863
-0.48485946321287304,4.800472490920417,-0.20834017402725344,-0.5105820105820106,-0.25,-0.5625,-0.4711538461538462,-0.5625,-0.4127906976744186,-0.4125560538116591,-0.44984326018808785,-0.40672782874617736,-0.3420612813370472,-0.45010449320794144,-0.2126024590163934,0.34685534591194966,0.18695547228799325,-0.7563047860122812,-0.39749661417182736,-1.1196044937914724,-0.357573678060723,-0.3918416557821762,-0.1378973288501683,-0.4110902647488013,0.36760695462681947,5.304393036569693,7.648776817240148
-0.5117139148024029,-0.6310809698992726,-0.3469599956219558,-0.35185185185185186,0.0,-0.41346153846153844,-0.2980769230769231,-0.4118589743589744,-0.46422182468694095,-0.4618834080717488,-0.5078369905956113,-0.45871559633027514,-0.36935933147632305,-0.5075757575757576,-0.20081967213114751,0.30786163522012555,0.3410783660145743,-0.8119931561430643,-0.6691371030305001,-0.7576265247574624,-0.799165383830703,-0.534939214307244,-0.5052335537417347,-0.464665415884928,0.32945011943571356,-0.006075476107021802,-0.0013834434666599332
0.8047580231259247,1.056017207132027,-0.5005381345883727,0.6190476190476191,0.0,0.8653846153846154,0.7211538461538463,0.8637820512820513,0.15697674418604646,0.20627802690582966,0.1951410658307211,0.1995412844036698,0.0,0.1954022988505747,1.7141393442622948,-0.542295597484277,0.07198110388266941,-0.5233675526180103,-0.8425897350816658,-0.6459825241442744,-0.05291466513344658,-0.6097826450986302,1.3306151019336783,0.19136960600375208,-0.5879678090087711,1.7693538964832338,1.2344692846684555
0.9216254566313437,0.9421257390016572,-0.29513489848410224,0.2751322751322752,0.0,0.4759615384615384,0.22115384615384612,0.4775641025641024,0.23613595706618962,0.2421524663677131,0.3126959247648902,0.25688073394495425,0.06740947075208929,0.3126959247648903,0.36629098360655743,-0.5770440251572331,-0.36941679501620656,-0.5294262410350167,-0.27088636379457187,-0.9809035761995489,0.8150230910473502,-0.1404350447101377,0.6803144882066927,0.27517198248905544,-0.5482640854651003,1.5245823110176422,0.9722195613587368
0.7593213175135105,2.6339723322480935,-0.5611740454951751,0.7407407407407408,0.2500000000000001,0.6634615384615384,0.6923076923076923,0.6618589743589742,0.03264758497316643,0.14349775784753363,0.0470219435736677,0.0,-0.0947075208913649,0.04676071055381399,3.1393442622950816,-0.5970125786163524,-0.2570802970046667,-0.9898396849950786,-0.6957116968278015,-0.12516698421041103,-0.38256579557467985,-0.5221373790147024,0.6355249756114656,0.03960808838857616,-0.7099917084163117,3.376761303890642,2.618503319905753
0.9936750898167435,1.0274561888083118,-0.5051898064539667,0.283068783068783,0.0,0.3028846153846153,0.3413461538461539,0.3028846153846154,-0.15161001788908768,-0.08520179372197305,-0.14028213166144202,-0.12232415902140664,-0.21448467966573811,-0.14028213166144207,1.6921106557377046,-0.2528301886792454,-0.19051860876761448,-0.7507617306520419,0.0936221129578798,-0.3089810130740424,0.3906022219337131,-0.31061823905690067,0.6953214254465461,-0.12945590994371484,-0.31973936261550334,1.743942049304825,1.1098961252845312
